{"racesDone": {"value": 10170, "total": 1620765}, "lapsDone": {"value": 82750, "total": 13869652}, "avgInc": {"value": 2.5490839015713043, "delta": 0.012611918173735415}, "avgIR": {"value": 1674, "delta": 7.586513994911002}, "avgTT": {"value": 1178, "delta": -0.8875379939211143}, "newRacers": {"value": 3373, "total": 157909, "delta": 831}, "licenseChange": {"D": {"total": 1284, "promoted": 150, "demoted": 0}, "C": {"total": 658, "promoted": 22, "demoted": 0}, "B": {"total": 341, "promoted": 15, "demoted": 0}, "A": {"total": 225, "promoted": 9, "demoted": 2}, "P": {"total": 0, "promoted": 0, "demoted": 0}}, "awards": {"IR_up": {"name": "Petr Kubovsk\u00fd", "from": 1629, "to": 3200}, "IR_down": {"name": "Graham Poole", "from": 3516, "to": 3070}, "SR_up": {"name": "Petr Kubovsk\u00fd", "from": "D 2.55", "to": "D 4.99"}, "SR_down": {"name": "Francois Martel2", "from": "A 3.69", "to": "A 2.27"}}, "country": {"AD": 7, "AR": 30, "AT": 11, "AU": 194, "AX": 1, "BE": 28, "BG": 3, "BR": 29, "BY": 1, "CA": 196, "CH": 17, "CL": 11, "CN": 1, "CO": 1, "CR": 1, "CZ": 14, "DE": 109, "DK": 8, "DO": 1, "EE": 3, "ER": 1, "ES": 119, "FI": 53, "FR": 116, "GB": 179, "GI": 2, "GR": 1, "HK": 6, "HR": 2, "HU": 14, "ID": 1, "IE": 8, "IL": 2, "IM": 1, "IT": 35, "JP": 20, "KG": 1, "KR": 3, "KZ": 1, "LT": 4, "LU": 3, "LV": 1, "MC": 1, "MD": 1, "MT": 2, "MV": 1, "MX": 15, "NL": 42, "NO": 33, "NZ": 61, "PE": 1, "PL": 12, "PT": 20, "RE": 2, "RO": 1, "RU": 12, "SE": 26, "SG": 5, "SI": 1, "SK": 2, "TH": 1, "TR": 14, "UA": 5, "US": 1866, "UY": 3, "VN": 1, "ZA": 6}, "dist": {"IRating": {"xAxis": [0, 50, 100, 150, 200, 250, 300, 350, 400, 450, 500, 550, 600, 650, 700, 750, 800, 850, 900, 950, 1000, 1050, 1100, 1150, 1200, 1250, 1300, 1350, 1400, 1450, 1500, 1550, 1600, 1650, 1700, 1750, 1800, 1850, 1900, 1950, 2000, 2050, 2100, 2150, 2200, 2250, 2300, 2350, 2400, 2450, 2500, 2550, 2600, 2650, 2700, 2750, 2800, 2850, 2900, 2950, 3000, 3050, 3100, 3150, 3200, 3250, 3300, 3350, 3400, 3450, 3500, 3550, 3600, 3650, 3700, 3750, 3800, 3850, 3900, 3950, 4000, 4050, 4100, 4150, 4200, 4250, 4300, 4350, 4400, 4450, 4500, 4550, 4600, 4650, 4700, 4750, 4800, 4850, 4900, 4950, 5000, 5050, 5100, 5150, 5200, 5250, 5300, 5350, 5400, 5450, 5500, 5550, 5600, 5650, 5700, 5750, 5800, 5850, 5900, 5950, 6000, 6050, 6100, 6150, 6200, 6250, 6300, 6350, 6400, 6450, 6500, 6550, 6600, 6650, 6700, 6750, 6800, 6850, 6900, 6950, 7000, 7050, 7100, 7150, 7200, 7250, 7300, 7350, 7400, 7450, 7500, 7550, 7600, 7650, 7700, 7750, 7800, 7850, 7900, 7950, 8000, 8050, 8100, 8150, 8200, 8250, 8300, 8350, 8400, 8450, 8500, 8550, 8600, 8650], "D": [0, 0, 1, 0, 1, 2, 2, 6, 5, 9, 7, 15, 30, 36, 52, 69, 102, 146, 209, 284, 473, 665, 1067, 1621, 2429, 3219, 4299, 4607, 4662, 3914, 3099, 1963, 1384, 830, 579, 344, 238, 190, 128, 102, 78, 58, 49, 41, 42, 23, 27, 16, 23, 15, 14, 9, 14, 13, 10, 7, 3, 6, 2, 4, 4, 5, 6, 3, 4, 3, 1, 0, 3, 2, 2, 2, 5, 0, 1, 0, 2, 1, 1, 1, 0, 0, 1, 0, 2, 0, 2, 0, 1, 0, 0, 0, 1, 0, 1, 0, 2, 0, 0, 2, 0, 1, 0, 0, 0, 0, 0, 0, 0, 0, 0, 0, 0, 0, 0, 0, 0, 0, 0, 0, 0, 0, 0, 0, 0, 0, 0, 0, 0, 0, 0, 0, 0, 0, 0, 0, 0, 0, 0, 0, 0, 0, 0, 0, 0, 0, 0, 0, 0, 0, 0, 0, 0, 0, 0, 0, 0, 0, 0, 0, 0, 0, 0, 0, 0, 0, 0, 0, 0, 0, 0, 0, 0, 0], "C": [0, 0, 0, 0, 0, 0, 2, 2, 2, 2, 6, 5, 12, 21, 24, 42, 42, 59, 83, 97, 158, 179, 276, 419, 553, 687, 770, 815, 846, 800, 773, 685, 607, 459, 378, 366, 277, 240, 219, 181, 144, 127, 120, 102, 98, 76, 82, 72, 61, 45, 43, 46, 47, 42, 32, 28, 25, 17, 29, 15, 21, 16, 18, 15, 14, 18, 12, 22, 8, 11, 8, 10, 11, 9, 5, 6, 6, 7, 3, 6, 8, 4, 8, 4, 7, 3, 3, 1, 3, 6, 1, 1, 1, 3, 4, 2, 1, 1, 1, 2, 4, 3, 3, 1, 1, 1, 1, 0, 1, 2, 0, 0, 4, 1, 1, 0, 0, 0, 0, 0, 0, 0, 0, 0, 0, 0, 0, 0, 0, 0, 0, 0, 0, 0, 0, 0, 0, 0, 0, 0, 0, 0, 0, 0, 0, 0, 0, 0, 0, 0, 0, 0, 0, 0, 0, 0, 0, 0, 0, 0, 0, 0, 0, 0, 0, 0, 0, 0, 0, 0, 0, 0, 0, 0], "B": [0, 0, 0, 0, 0, 0, 0, 1, 0, 1, 0, 5, 6, 2, 5, 6, 8, 9, 11, 11, 30, 35, 36, 55, 67, 97, 108, 97, 110, 106, 105, 102, 92, 73, 80, 53, 53, 43, 52, 53, 51, 23, 51, 48, 26, 27, 32, 21, 18, 34, 16, 14, 13, 19, 21, 16, 12, 13, 7, 16, 3, 7, 12, 10, 9, 5, 14, 3, 2, 6, 8, 5, 6, 8, 6, 4, 3, 5, 5, 4, 3, 4, 6, 6, 2, 1, 6, 2, 5, 3, 2, 1, 0, 5, 2, 0, 2, 1, 4, 0, 1, 1, 0, 0, 2, 3, 4, 0, 0, 0, 1, 1, 0, 1, 1, 0, 0, 0, 0, 0, 0, 2, 0, 0, 1, 1, 1, 1, 0, 1, 1, 0, 0, 0, 0, 0, 0, 1, 0, 0, 0, 0, 0, 0, 0, 0, 0, 0, 0, 0, 0, 0, 0, 0, 0, 0, 1, 0, 0, 0, 0, 0, 0, 0, 0, 0, 0, 0, 0, 0, 0, 0, 0, 0], "A": [0, 0, 0, 0, 0, 0, 0, 0, 0, 0, 0, 2, 1, 2, 2, 2, 2, 4, 3, 5, 9, 8, 15, 14, 21, 35, 28, 37, 39, 35, 30, 27, 25, 34, 28, 21, 21, 16, 18, 18, 19, 10, 19, 13, 19, 16, 15, 14, 16, 8, 12, 10, 10, 7, 6, 8, 6, 10, 8, 7, 6, 8, 6, 5, 6, 5, 12, 2, 3, 5, 7, 8, 4, 3, 5, 10, 3, 4, 5, 7, 3, 6, 1, 0, 3, 5, 3, 8, 1, 5, 3, 5, 3, 1, 4, 5, 2, 5, 1, 0, 2, 1, 7, 2, 2, 2, 3, 1, 0, 2, 1, 1, 2, 2, 0, 1, 1, 1, 2, 0, 0, 0, 1, 3, 1, 0, 0, 0, 0, 1, 0, 0, 1, 0, 2, 0, 0, 0, 0, 0, 0, 1, 0, 0, 0, 1, 0, 0, 1, 0, 0, 0, 0, 0, 0, 1, 0, 0, 0, 1, 0, 0, 0, 0, 0, 0, 0, 0, 0, 0, 0, 1, 0, 0], "P": [0, 0, 0, 0, 0, 0, 0, 0, 0, 0, 0, 0, 0, 0, 0, 0, 0, 0, 0, 0, 0, 0, 0, 0, 0, 0, 0, 0, 0, 0, 0, 0, 0, 0, 0, 0, 0, 0, 0, 0, 0, 0, 0, 0, 0, 0, 0, 0, 0, 0, 0, 0, 0, 0, 0, 0, 0, 0, 0, 0, 0, 0, 0, 0, 0, 0, 0, 0, 0, 0, 0, 0, 0, 0, 0, 0, 0, 0, 0, 0, 0, 0, 0, 0, 1, 1, 0, 0, 0, 0, 0, 0, 0, 0, 0, 0, 0, 0, 0, 0, 0, 1, 0, 0, 0, 0, 1, 1, 0, 0, 0, 0, 0, 0, 0, 1, 1, 1, 0, 2, 0, 1, 0, 1, 0, 0, 0, 1, 0, 0, 1, 0, 2, 0, 0, 0, 0, 0, 0, 0, 1, 0, 0, 1, 1, 0, 1, 0, 0, 0, 0, 0, 1, 0, 0, 1, 0, 0, 0, 0, 0, 0, 0, 0, 0, 0, 0, 0, 0, 0, 0, 0, 0, 0, 1]}, "TTRating": {"xAxis": [0, 50, 100, 150, 200, 250, 300, 350, 400, 450, 500, 550, 600, 650, 700, 750, 800, 850, 900, 950, 1000, 1050, 1100, 1150, 1200, 1250, 1300, 1350, 1400, 1450, 1500, 1550, 1600, 1650, 1700, 1750, 1800, 1850, 1900, 1950, 2000, 2050, 2100, 2150, 2200, 2250, 2300, 2350, 2400, 2450, 2500, 2550], "D": [0, 0, 0, 0, 0, 0, 0, 0, 0, 1, 0, 1, 0, 2, 1, 4, 7, 12, 18, 40, 61, 121, 222, 395, 671, 421, 67, 6, 1, 1, 0, 0, 0, 0, 0, 0, 0, 0, 0, 0, 0, 0, 0, 0, 0, 0, 0, 0, 0, 0, 0, 0], "C": [0, 0, 0, 0, 0, 0, 0, 0, 0, 0, 0, 2, 1, 3, 3, 4, 8, 12, 20, 30, 50, 107, 156, 362, 510, 455, 87, 13, 8, 3, 3, 3, 0, 0, 0, 0, 0, 0, 0, 0, 0, 0, 0, 0, 0, 0, 0, 0, 0, 0, 0, 0, 1], "B": [0, 0, 0, 0, 0, 0, 0, 0, 0, 2, 0, 2, 0, 1, 5, 5, 8, 11, 15, 21, 37, 61, 83, 167, 280, 248, 51, 20, 8, 5, 2, 3, 0, 0, 0, 0, 0, 0, 0, 0, 0, 0, 0, 0, 0, 0, 1, 0, 0, 0, 0, 0], "A": [0, 0, 0, 0, 0, 0, 1, 0, 0, 0, 0, 3, 0, 2, 1, 5, 8, 7, 10, 17, 26, 42, 72, 73, 133, 151, 50, 14, 3, 9, 1, 2, 1, 2, 2, 1, 0, 2, 0, 0, 0, 0, 0, 0, 0, 0, 0, 0, 0, 0, 0, 0], "P": [0, 0, 0, 0, 0, 0, 0, 0, 0, 0, 0, 0, 0, 0, 0, 0, 0, 0, 0, 0, 0, 0, 0, 0, 0, 3, 6, 1, 0, 0, 0, 0, 0, 0, 1, 0, 0, 0, 0, 0, 0, 0, 1, 1, 0, 0, 0, 0, 0, 0, 0, 0]}, "IRatingPercent": {"xAxis": [0, 50, 100, 150, 200, 250, 300, 350, 400, 450, 500, 550, 600, 650, 700, 750, 800, 850, 900, 950, 1000, 1050, 1100, 1150, 1200, 1250, 1300, 1350, 1400, 1450, 1500, 1550, 1600, 1650, 1700, 1750, 1800, 1850, 1900, 1950, 2000, 2050, 2100, 2150, 2200, 2250, 2300, 2350, 2400, 2450, 2500, 2550, 2600, 2650, 2700, 2750, 2800, 2850, 2900, 2950, 3000, 3050, 3100, 3150, 3200, 3250, 3300, 3350, 3400, 3450, 3500, 3550, 3600, 3650, 3700, 3750, 3800, 3850, 3900, 3950, 4000, 4050, 4100, 4150, 4200, 4250, 4300, 4350, 4400, 4450, 4500, 4550, 4600, 4650, 4700, 4750, 4800, 4850, 4900, 4950, 5000, 5050, 5100, 5150, 5200, 5250, 5300, 5350, 5400, 5450, 5500, 5550, 5600, 5650, 5700, 5750, 5800, 5850, 5900, 5950, 6000, 6050, 6100, 6150, 6200, 6250, 6300, 6350, 6400, 6450, 6500, 6550, 6600, 6650, 6700, 6750, 6800, 6850, 6900, 6950, 7000, 7050, 7100, 7150, 7200, 7250, 7300, 7350, 7400, 7450, 7500, 7550, 7600, 7650, 7700, 7750, 7800, 7850, 7900, 7950, 8000, 8050, 8100, 8150, 8200, 8250, 8300, 8350, 8400, 8450, 8500, 8550, 8600, 8650, 8700],