{"racesDone": {"value": 10384, "total": 1600241}, "lapsDone": {"value": 85224, "total": 13701485}, "avgInc": {"value": 2.500654377880185, "delta": -0.05621505376343894}, "avgIR": {"value": 1683, "delta": 11.685372585096502}, "avgTT": {"value": 1171, "delta": -1.3489096573207462}, "newRacers": {"value": 3255, "total": 156208, "delta": 962}, "licenseChange": {"D": {"total": 1276, "promoted": 289, "demoted": 0}, "C": {"total": 617, "promoted": 36, "demoted": 0}, "B": {"total": 339, "promoted": 23, "demoted": 0}, "A": {"total": 231, "promoted": 13, "demoted": 1}, "P": {"total": 2, "promoted": 0, "demoted": 0}}, "awards": {"IR_up": {"name": "Dalton Wicker", "from": 1699, "to": 2839}, "IR_down": {"name": "Dan Brock", "from": 1110, "to": 675}, "SR_up": {"name": "Antoine Lamonde", "from": "R 2.66", "to": "C 3.59"}, "SR_down": {"name": "Marcos Palacio", "from": "A 4.56", "to": "A 3.53"}}, "country": {"AD": 8, "AE": 2, "AG": 1, "AR": 28, "AT": 9, "AU": 215, "BE": 34, "BG": 1, "BO": 2, "BR": 22, "BY": 1, "CA": 228, "CH": 9, "CL": 8, "CO": 2, "CR": 3, "CZ": 11, "DE": 87, "DK": 15, "EE": 5, "ES": 128, "FI": 53, "FR": 92, "GB": 164, "GL": 1, "GR": 2, "GT": 1, "HK": 5, "HR": 1, "HU": 6, "IE": 6, "IL": 3, "IM": 1, "IT": 47, "JP": 14, "KG": 1, "KR": 3, "LB": 1, "LT": 3, "LU": 2, "MA": 1, "MC": 3, "MD": 1, "MV": 1, "MX": 11, "MY": 2, "NL": 43, "NO": 28, "NZ": 49, "PE": 1, "PH": 1, "PL": 18, "PR": 1, "PT": 32, "PY": 1, "RE": 1, "RO": 4, "RU": 19, "SE": 29, "SG": 3, "SI": 2, "SK": 6, "TR": 14, "UA": 4, "US": 1737, "UY": 4, "VE": 1, "VI": 1, "VN": 1, "ZA": 11}, "dist": {"IRating": {"xAxis": [0, 50, 100, 150, 200, 250, 300, 350, 400, 450, 500, 550, 600, 650, 700, 750, 800, 850, 900, 950, 1000, 1050, 1100, 1150, 1200, 1250, 1300, 1350, 1400, 1450, 1500, 1550, 1600, 1650, 1700, 1750, 1800, 1850, 1900, 1950, 2000, 2050, 2100, 2150, 2200, 2250, 2300, 2350, 2400, 2450, 2500, 2550, 2600, 2650, 2700, 2750, 2800, 2850, 2900, 2950, 3000, 3050, 3100, 3150, 3200, 3250, 3300, 3350, 3400, 3450, 3500, 3550, 3600, 3650, 3700, 3750, 3800, 3850, 3900, 3950, 4000, 4050, 4100, 4150, 4200, 4250, 4300, 4350, 4400, 4450, 4500, 4550, 4600, 4650, 4700, 4750, 4800, 4850, 4900, 4950, 5000, 5050, 5100, 5150, 5200, 5250, 5300, 5350, 5400, 5450, 5500, 5550, 5600, 5650, 5700, 5750, 5800, 5850, 5900, 5950, 6000, 6050, 6100, 6150, 6200, 6250, 6300, 6350, 6400, 6450, 6500, 6550, 6600, 6650, 6700, 6750, 6800, 6850, 6900, 6950, 7000, 7050, 7100, 7150, 7200, 7250, 7300, 7350, 7400, 7450, 7500, 7550, 7600, 7650, 7700, 7750, 7800, 7850, 7900, 7950, 8000, 8050, 8100, 8150, 8200, 8250, 8300, 8350, 8400, 8450, 8500, 8550, 8600, 8650], "D": [0, 0, 1, 0, 1, 1, 2, 7, 5, 8, 6, 13, 34, 33, 53, 65, 100, 148, 204, 279, 462, 649, 1061, 1581, 2422, 3181, 4237, 4555, 4611, 3888, 3054, 1927, 1378, 815, 572, 339, 234, 185, 124, 98, 82, 56, 47, 40, 39, 25, 26, 15, 21, 14, 13, 11, 15, 10, 9, 7, 4, 6, 3, 4, 4, 5, 6, 3, 3, 5, 1, 0, 2, 1, 2, 3, 4, 0, 1, 1, 2, 0, 0, 1, 1, 0, 1, 0, 2, 1, 1, 0, 2, 0, 0, 0, 1, 0, 1, 0, 1, 0, 0, 2, 0, 1, 0, 0, 0, 0, 0, 0, 0, 0, 0, 0, 0, 0, 0, 0, 0, 0, 0, 0, 0, 0, 0, 0, 0, 0, 0, 0, 0, 0, 0, 0, 0, 0, 0, 0, 0, 0, 0, 0, 0, 0, 0, 0, 0, 0, 0, 0, 0, 0, 0, 0, 0, 0, 0, 0, 0, 0, 0, 0, 0, 0, 0, 0, 0, 0, 0, 0, 0, 0, 0, 0, 0, 0], "C": [0, 0, 0, 0, 0, 0, 2, 3, 2, 1, 7, 6, 10, 21, 23, 38, 43, 60, 83, 93, 162, 185, 263, 418, 552, 697, 767, 812, 831, 817, 776, 673, 618, 438, 386, 377, 266, 231, 224, 180, 148, 122, 116, 102, 102, 73, 78, 69, 66, 39, 44, 49, 47, 37, 34, 26, 27, 16, 28, 16, 21, 16, 16, 17, 14, 16, 14, 22, 8, 10, 9, 11, 11, 9, 5, 6, 6, 7, 2, 6, 9, 4, 8, 4, 7, 3, 3, 1, 3, 6, 1, 2, 1, 2, 4, 2, 1, 1, 1, 2, 4, 4, 2, 1, 1, 1, 1, 0, 1, 2, 0, 0, 4, 1, 1, 0, 0, 0, 0, 0, 0, 0, 0, 0, 0, 0, 0, 0, 0, 0, 0, 0, 0, 0, 0, 0, 0, 0, 0, 0, 0, 0, 0, 0, 0, 0, 0, 0, 0, 0, 0, 0, 0, 0, 0, 0, 0, 0, 0, 0, 0, 0, 0, 0, 0, 0, 0, 0, 0, 0, 0, 0, 0, 0], "B": [0, 0, 0, 0, 0, 0, 0, 1, 0, 2, 0, 2, 8, 2, 4, 7, 8, 8, 12, 12, 32, 34, 35, 51, 70, 93, 99, 99, 109, 124, 98, 93, 94, 80, 76, 56, 48, 41, 50, 55, 45, 30, 48, 47, 30, 26, 31, 17, 22, 24, 20, 17, 15, 15, 21, 16, 11, 11, 10, 13, 8, 7, 11, 10, 11, 5, 12, 3, 2, 4, 7, 4, 11, 6, 6, 6, 1, 3, 6, 3, 5, 6, 7, 5, 1, 3, 5, 3, 5, 1, 2, 3, 0, 3, 3, 0, 2, 1, 4, 0, 1, 1, 0, 0, 2, 3, 4, 0, 0, 0, 1, 1, 0, 1, 1, 0, 0, 0, 0, 0, 1, 2, 2, 0, 0, 0, 1, 1, 0, 1, 1, 0, 0, 0, 0, 0, 0, 1, 0, 0, 0, 0, 0, 0, 0, 0, 0, 0, 0, 0, 0, 0, 0, 0, 0, 0, 1, 0, 0, 0, 0, 0, 0, 0, 0, 0, 0, 0, 0, 0, 0, 0, 0, 0], "A": [0, 0, 0, 0, 0, 0, 0, 0, 0, 0, 1, 1, 1, 2, 2, 2, 1, 4, 1, 6, 10, 5, 17, 13, 22, 34, 27, 39, 38, 35, 33, 27, 27, 32, 24, 22, 24, 14, 15, 24, 14, 11, 22, 15, 21, 15, 13, 8, 14, 11, 10, 8, 6, 5, 10, 10, 7, 6, 5, 5, 9, 8, 8, 6, 6, 9, 6, 5, 3, 5, 8, 7, 4, 2, 5, 6, 5, 4, 6, 2, 2, 5, 1, 3, 3, 4, 5, 4, 4, 4, 3, 5, 3, 1, 6, 4, 2, 4, 0, 0, 3, 2, 4, 4, 2, 1, 3, 2, 1, 1, 1, 0, 1, 1, 1, 0, 1, 0, 3, 0, 0, 0, 3, 1, 0, 0, 0, 0, 1, 0, 0, 1, 1, 1, 0, 0, 0, 0, 0, 0, 0, 0, 0, 0, 0, 1, 0, 1, 0, 0, 0, 0, 0, 0, 1, 0, 0, 0, 1, 0, 0, 0, 0, 0, 0, 0, 0, 0, 0, 0, 0, 1, 0, 0], "P": [0, 0, 0, 0, 0, 0, 0, 0, 0, 0, 0, 0, 0, 0, 0, 0, 0, 0, 0, 0, 0, 0, 0, 0, 0, 0, 0, 0, 0, 0, 0, 0, 0, 0, 0, 0, 0, 0, 0, 0, 0, 0, 0, 0, 0, 0, 0, 0, 0, 0, 0, 0, 0, 0, 0, 0, 0, 0, 0, 0, 0, 0, 0, 0, 0, 0, 0, 0, 0, 0, 0, 0, 0, 0, 0, 0, 0, 0, 0, 0, 0, 0, 0, 0, 1, 1, 0, 0, 0, 0, 0, 0, 0, 0, 0, 0, 0, 0, 0, 0, 0, 2, 0, 0, 0, 0, 1, 1, 0, 0, 0, 0, 0, 0, 0, 1, 1, 1, 0, 2, 0, 1, 0, 1, 0, 0, 0, 1, 0, 0, 1, 0, 2, 0, 0, 0, 0, 0, 0, 0, 1, 0, 0, 2, 1, 0, 1, 0, 0, 0, 0, 0, 1, 0, 0, 1, 0, 0, 0, 0, 0, 0, 0, 0, 0, 0, 0, 0, 0, 0, 0, 0, 0, 0, 1]}, "TTRating": {"xAxis": [0, 50, 100, 150, 200, 250, 300, 350, 400, 450, 500, 550, 600, 650, 700, 750, 800, 850, 900, 950, 1000, 1050, 1100, 1150, 1200, 1250, 1300, 1350, 1400, 1450, 1500, 1550, 1600, 1650, 1700, 1750, 1800, 1850, 1900, 1950, 2000, 2050, 2100, 2150, 2200, 2250, 2300, 2350, 2400, 2450, 2500, 2550], "D": [0, 0, 0, 0, 0, 0, 0, 0, 0, 1, 0, 1, 0, 2, 1, 4, 7, 12, 18, 40, 60, 120, 223, 390, 658, 415, 68, 5, 1, 1, 0, 0, 0, 0, 0, 0, 0, 0, 0, 0, 0, 0, 0, 0, 0, 0, 0, 0, 0, 0, 0, 0], "C": [0, 0, 0, 0, 0, 0, 0, 0, 0, 0, 0, 2, 1, 3, 3, 4, 8, 11, 21, 30, 50, 105, 155, 357, 512, 447, 87, 13, 8, 3, 3, 3, 0, 0, 0, 0, 0, 0, 0, 0, 0, 0, 0, 0, 0, 0, 0, 0, 0, 0, 0, 0, 1], "B": [0, 0, 0, 0, 0, 0, 0, 0, 0, 2, 0, 2, 0, 1, 5, 5, 8, 13, 14, 19, 37, 61, 83, 166, 274, 249, 49, 19, 8, 5, 2, 3, 0, 0, 0, 0, 0, 0, 0, 0, 0, 0, 0, 0, 0, 0, 1, 0, 0, 0, 0, 0], "A": [0, 0, 0, 0, 0, 0, 1, 0, 0, 0, 0, 3, 0, 2, 1, 5, 8, 6, 9, 18, 28, 40, 70, 72, 132, 150, 49, 15, 3, 9, 1, 1, 1, 2, 2, 1, 0, 2, 0, 0, 0, 0, 0, 0, 0, 0, 0, 0, 0, 0, 0, 0], "P": [0, 0, 0, 0, 0, 0, 0, 0, 0, 0, 0, 0, 0, 0, 0, 0, 0, 0, 0, 0, 0, 0, 0, 0, 0, 3, 7, 1, 0, 0, 0, 0, 0, 0, 1, 0, 0, 0, 0, 0, 0, 0, 1, 1, 0, 0, 0, 0, 0, 0, 0, 0]}, "IRatingPercent": {"xAxis": [0, 50, 100, 150, 200, 250, 300, 350, 400, 450, 500, 550, 600, 650, 700, 750, 800, 850, 900, 950, 1000, 1050, 1100, 1150, 1200, 1250, 1300, 1350, 1400, 1450, 1500, 1550, 1600, 1650, 1700, 1750, 1800, 1850, 1900, 1950, 2000, 2050, 2100, 2150, 2200, 2250, 2300, 2350, 2400, 2450, 2500, 2550, 2600, 2650, 2700, 2750, 2800, 2850, 2900, 2950, 3000, 3050, 3100, 3150, 3200, 3250, 3300, 3350, 3400, 3450, 3500, 3550, 3600, 3650, 3700, 3750, 3800, 3850, 3900, 3950, 4000, 4050, 4100, 4150, 4200, 4250, 4300, 4350, 4400, 4450, 4500, 4550, 4600, 4650, 4700, 4750, 4800, 4850, 4900, 4950, 5000, 5050, 5100, 5150, 5200, 5250, 5300, 5350, 5400, 5450, 5500, 5550, 5600, 5650, 5700, 5750, 5800, 5850, 5900, 5950, 6000, 6050, 6100, 6150, 6200, 6250, 6300, 6350, 6400, 6450, 6500, 6550, 6600, 6650, 6700, 6750, 6800, 6850, 6900, 6950, 7000, 7050, 7100, 7150, 7200, 7250, 7300, 7350, 7400, 7450, 7500, 7550, 7600, 7650, 7700, 7750, 7800, 7850, 7900, 7950, 8000, 8050, 8100, 8150, 8200, 8250, 8300, 8350, 8400, 8450, 8500, 8550, 8600, 8650, 8700],