{"racesDone": {"value": 10354, "total": 1610595}, "lapsDone": {"value": 85417, "total": 13786902}, "avgInc": {"value": 2.5257407407407415, "delta": -0.04165755919854863}, "avgIR": {"value": 1670, "delta": 7.6491458607094955}, "avgTT": {"value": 1175, "delta": -0.5696594427245145}, "newRacers": {"value": 3294, "total": 157078, "delta": 870}, "licenseChange": {"D": {"total": 1370, "promoted": 280, "demoted": 0}, "C": {"total": 641, "promoted": 41, "demoted": 0}, "B": {"total": 326, "promoted": 15, "demoted": 0}, "A": {"total": 228, "promoted": 10, "demoted": 0}, "P": {"total": 1, "promoted": 0, "demoted": 0}}, "awards": {"IR_up": {"name": "Julian San Martin", "from": 1480, "to": 2651}, "IR_down": {"name": "Louis Hays", "from": 3092, "to": 2575}, "SR_up": {"name": "Nicholas Queen", "from": "R 2.59", "to": "C 3.46"}, "SR_down": {"name": "Tom Storr", "from": "A 3.51", "to": "A 2.14"}}, "country": {"AD": 6, "AE": 3, "AR": 38, "AT": 8, "AU": 223, "BE": 36, "BO": 1, "BR": 27, "BY": 1, "CA": 201, "CH": 15, "CL": 6, "CN": 1, "CR": 3, "CZ": 14, "DE": 108, "DK": 13, "DO": 1, "EE": 2, "ES": 132, "FI": 43, "FR": 105, "GB": 137, "GG": 1, "GI": 2, "GR": 2, "HK": 3, "HR": 1, "HU": 12, "IE": 7, "IL": 1, "IM": 1, "IT": 44, "JP": 23, "KR": 4, "LT": 3, "LU": 1, "LV": 1, "MC": 2, "MT": 1, "MV": 1, "MX": 14, "MY": 1, "NL": 54, "NO": 29, "NZ": 66, "PL": 18, "PR": 1, "PT": 22, "RE": 2, "RO": 2, "RU": 14, "SE": 26, "SG": 4, "SI": 1, "SK": 3, "TR": 10, "UA": 2, "US": 1783, "UY": 2, "VN": 1, "ZA": 5}, "dist": {"IRating": {"xAxis": [0, 50, 100, 150, 200, 250, 300, 350, 400, 450, 500, 550, 600, 650, 700, 750, 800, 850, 900, 950, 1000, 1050, 1100, 1150, 1200, 1250, 1300, 1350, 1400, 1450, 1500, 1550, 1600, 1650, 1700, 1750, 1800, 1850, 1900, 1950, 2000, 2050, 2100, 2150, 2200, 2250, 2300, 2350, 2400, 2450, 2500, 2550, 2600, 2650, 2700, 2750, 2800, 2850, 2900, 2950, 3000, 3050, 3100, 3150, 3200, 3250, 3300, 3350, 3400, 3450, 3500, 3550, 3600, 3650, 3700, 3750, 3800, 3850, 3900, 3950, 4000, 4050, 4100, 4150, 4200, 4250, 4300, 4350, 4400, 4450, 4500, 4550, 4600, 4650, 4700, 4750, 4800, 4850, 4900, 4950, 5000, 5050, 5100, 5150, 5200, 5250, 5300, 5350, 5400, 5450, 5500, 5550, 5600, 5650, 5700, 5750, 5800, 5850, 5900, 5950, 6000, 6050, 6100, 6150, 6200, 6250, 6300, 6350, 6400, 6450, 6500, 6550, 6600, 6650, 6700, 6750, 6800, 6850, 6900, 6950, 7000, 7050, 7100, 7150, 7200, 7250, 7300, 7350, 7400, 7450, 7500, 7550, 7600, 7650, 7700, 7750, 7800, 7850, 7900, 7950, 8000, 8050, 8100, 8150, 8200, 8250, 8300, 8350, 8400, 8450, 8500, 8550, 8600, 8650], "D": [0, 0, 1, 0, 1, 2, 1, 7, 6, 7, 7, 14, 34, 35, 51, 64, 105, 149, 203, 288, 465, 654, 1060, 1604, 2426, 3225, 4276, 4593, 4655, 3908, 3093, 1944, 1371, 820, 577, 340, 233, 186, 129, 102, 82, 58, 51, 40, 40, 23, 27, 15, 20, 13, 14, 12, 13, 13, 9, 7, 4, 6, 2, 4, 4, 6, 6, 3, 3, 3, 3, 0, 2, 1, 2, 3, 4, 0, 1, 0, 3, 1, 0, 1, 0, 0, 1, 0, 2, 0, 2, 0, 1, 1, 0, 0, 1, 0, 1, 0, 1, 0, 0, 2, 0, 1, 0, 0, 0, 0, 0, 0, 0, 0, 0, 0, 0, 0, 0, 0, 0, 0, 0, 0, 0, 0, 0, 0, 0, 0, 0, 0, 0, 0, 0, 0, 0, 0, 0, 0, 0, 0, 0, 0, 0, 0, 0, 0, 0, 0, 0, 0, 0, 0, 0, 0, 0, 0, 0, 0, 0, 0, 0, 0, 0, 0, 0, 0, 0, 0, 0, 0, 0, 0, 0, 0, 0, 0], "C": [0, 0, 0, 0, 0, 0, 2, 2, 2, 3, 5, 6, 10, 24, 21, 40, 44, 61, 85, 90, 159, 180, 269, 418, 549, 692, 767, 827, 834, 813, 770, 679, 615, 449, 387, 365, 280, 232, 224, 183, 147, 120, 118, 101, 98, 77, 81, 73, 66, 39, 44, 43, 52, 39, 33, 28, 24, 16, 27, 16, 23, 17, 16, 15, 13, 17, 14, 23, 7, 10, 8, 11, 12, 9, 5, 6, 6, 7, 3, 6, 8, 4, 8, 4, 7, 3, 3, 1, 3, 6, 1, 1, 2, 2, 4, 2, 1, 1, 1, 2, 4, 3, 3, 1, 1, 1, 1, 0, 1, 2, 0, 0, 4, 1, 1, 0, 0, 0, 0, 0, 0, 0, 0, 0, 0, 0, 0, 0, 0, 0, 0, 0, 0, 0, 0, 0, 0, 0, 0, 0, 0, 0, 0, 0, 0, 0, 0, 0, 0, 0, 0, 0, 0, 0, 0, 0, 0, 0, 0, 0, 0, 0, 0, 0, 0, 0, 0, 0, 0, 0, 0, 0, 0, 0], "B": [0, 0, 0, 0, 0, 0, 0, 1, 0, 2, 0, 4, 6, 2, 4, 6, 8, 8, 11, 12, 33, 34, 38, 51, 70, 97, 108, 95, 110, 105, 102, 101, 95, 74, 77, 54, 55, 39, 51, 54, 51, 27, 45, 49, 28, 26, 33, 21, 19, 27, 21, 11, 18, 20, 17, 16, 12, 10, 10, 14, 4, 8, 11, 9, 11, 5, 13, 3, 3, 3, 7, 6, 8, 7, 7, 4, 3, 3, 5, 4, 2, 6, 7, 6, 1, 2, 5, 2, 5, 3, 2, 1, 1, 3, 3, 0, 2, 1, 4, 0, 1, 1, 0, 0, 2, 3, 4, 0, 0, 0, 1, 1, 0, 1, 1, 0, 0, 0, 0, 0, 1, 2, 2, 0, 0, 0, 1, 1, 0, 1, 1, 0, 0, 0, 0, 0, 0, 1, 0, 0, 0, 0, 0, 0, 0, 0, 0, 0, 0, 0, 0, 0, 0, 0, 0, 0, 1, 0, 0, 0, 0, 0, 0, 0, 0, 0, 0, 0, 0, 0, 0, 0, 0, 0], "A": [0, 0, 0, 0, 0, 0, 0, 0, 0, 0, 1, 1, 1, 2, 2, 2, 2, 4, 2, 5, 10, 7, 15, 12, 20, 39, 26, 38, 36, 37, 31, 26, 29, 31, 26, 22, 23, 16, 16, 20, 16, 11, 18, 18, 21, 16, 9, 14, 14, 9, 10, 8, 7, 8, 6, 10, 6, 11, 8, 6, 7, 7, 5, 7, 6, 6, 11, 4, 4, 6, 8, 7, 4, 2, 6, 8, 3, 4, 5, 4, 2, 4, 3, 1, 3, 5, 3, 7, 2, 4, 3, 5, 4, 1, 5, 3, 4, 3, 1, 0, 2, 2, 6, 3, 2, 1, 2, 1, 3, 1, 1, 0, 2, 0, 2, 0, 1, 0, 2, 1, 0, 0, 2, 2, 0, 0, 0, 0, 0, 1, 0, 1, 1, 0, 1, 0, 0, 0, 0, 0, 0, 0, 0, 0, 0, 1, 0, 1, 0, 0, 0, 0, 0, 0, 1, 0, 0, 0, 0, 1, 0, 0, 0, 0, 0, 0, 0, 0, 0, 0, 0, 1, 0, 0], "P": [0, 0, 0, 0, 0, 0, 0, 0, 0, 0, 0, 0, 0, 0, 0, 0, 0, 0, 0, 0, 0, 0, 0, 0, 0, 0, 0, 0, 0, 0, 0, 0, 0, 0, 0, 0, 0, 0, 0, 0, 0, 0, 0, 0, 0, 0, 0, 0, 0, 0, 0, 0, 0, 0, 0, 0, 0, 0, 0, 0, 0, 0, 0, 0, 0, 0, 0, 0, 0, 0, 0, 0, 0, 0, 0, 0, 0, 0, 0, 0, 0, 0, 0, 0, 1, 1, 0, 0, 0, 0, 0, 0, 0, 0, 0, 0, 0, 0, 0, 0, 0, 2, 0, 0, 0, 0, 1, 1, 0, 0, 0, 0, 0, 0, 0, 1, 1, 1, 0, 2, 0, 1, 0, 1, 0, 0, 0, 1, 0, 0, 1, 0, 2, 0, 0, 0, 0, 0, 0, 0, 1, 0, 1, 1, 1, 0, 1, 0, 0, 0, 0, 0, 1, 0, 0, 1, 0, 0, 0, 0, 0, 0, 0, 0, 0, 0, 0, 0, 0, 0, 0, 0, 0, 0, 1]}, "TTRating": {"xAxis": [0, 50, 100, 150, 200, 250, 300, 350, 400, 450, 500, 550, 600, 650, 700, 750, 800, 850, 900, 950, 1000, 1050, 1100, 1150, 1200, 1250, 1300, 1350, 1400, 1450, 1500, 1550, 1600, 1650, 1700, 1750, 1800, 1850, 1900, 1950, 2000, 2050, 2100, 2150, 2200, 2250, 2300, 2350, 2400, 2450, 2500, 2550], "D": [0, 0, 0, 0, 0, 0, 0, 0, 0, 1, 0, 1, 0, 2, 1, 4, 7, 12, 18, 40, 61, 121, 222, 393, 664, 420, 67, 6, 1, 1, 0, 0, 0, 0, 0, 0, 0, 0, 0, 0, 0, 0, 0, 0, 0, 0, 0, 0, 0, 0, 0, 0], "C": [0, 0, 0, 0, 0, 0, 0, 0, 0, 0, 0, 2, 1, 3, 3, 4, 8, 11, 20, 30, 50, 107, 155, 359, 513, 449, 87, 13, 8, 3, 3, 3, 0, 0, 0, 0, 0, 0, 0, 0, 0, 0, 0, 0, 0, 0, 0, 0, 0, 0, 0, 0, 1], "B": [0, 0, 0, 0, 0, 0, 0, 0, 0, 2, 0, 2, 0, 1, 5, 5, 8, 13, 15, 19, 37, 61, 84, 164, 275, 250, 49, 19, 8, 5, 2, 3, 0, 0, 0, 0, 0, 0, 0, 0, 0, 0, 0, 0, 0, 0, 1, 0, 0, 0, 0, 0], "A": [0, 0, 0, 0, 0, 0, 1, 0, 0, 0, 0, 3, 0, 2, 1, 5, 9, 5, 10, 17, 27, 41, 72, 72, 131, 151, 49, 14, 3, 9, 2, 1, 1, 2, 2, 1, 0, 2, 0, 0, 0, 0, 0, 0, 0, 0, 0, 0, 0, 0, 0, 0], "P": [0, 0, 0, 0, 0, 0, 0, 0, 0, 0, 0, 0, 0, 0, 0, 0, 0, 0, 0, 0, 0, 0, 0, 0, 0, 3, 7, 1, 0, 0, 0, 0, 0, 0, 1, 0, 0, 0, 0, 0, 0, 0, 1, 1, 0, 0, 0, 0, 0, 0, 0, 0]}, "IRatingPercent": {"xAxis": [0, 50, 100, 150, 200, 250, 300, 350, 400, 450, 500, 550, 600, 650, 700, 750, 800, 850, 900, 950, 1000, 1050, 1100, 1150, 1200, 1250, 1300, 1350, 1400, 1450, 1500, 1550, 1600, 1650, 1700, 1750, 1800, 1850, 1900, 1950, 2000, 2050, 2100, 2150, 2200, 2250, 2300, 2350, 2400, 2450, 2500, 2550, 2600, 2650, 2700, 2750, 2800, 2850, 2900, 2950, 3000, 3050, 3100, 3150, 3200, 3250, 3300, 3350, 3400, 3450, 3500, 3550, 3600, 3650, 3700, 3750, 3800, 3850, 3900, 3950, 4000, 4050, 4100, 4150, 4200, 4250, 4300, 4350, 4400, 4450, 4500, 4550, 4600, 4650, 4700, 4750, 4800, 4850, 4900, 4950, 5000, 5050, 5100, 5150, 5200, 5250, 5300, 5350, 5400, 5450, 5500, 5550, 5600, 5650, 5700, 5750, 5800, 5850, 5900, 5950, 6000, 6050, 6100, 6150, 6200, 6250, 6300, 6350, 6400, 6450, 6500, 6550, 6600, 6650, 6700, 6750, 6800, 6850, 6900, 6950, 7000, 7050, 7100, 7150, 7200, 7250, 7300, 7350, 7400, 7450, 7500, 7550, 7600, 7650, 7700, 7750, 7800, 7850, 7900, 7950, 8000, 8050, 8100, 8150, 8200, 8250, 8300, 8350, 8400, 8450, 8500, 8550, 8600, 8650, 8700],