{"racesDone": {"value": 36432, "total": 5618329}, "lapsDone": {"value": 928771, "total": 137815373}, "avgInc": {"value": 3.1582943317732712, "delta": 0.01014430577223413}, "avgIR": {"value": 1758, "delta": 6.42109982068132}, "avgTT": {"value": 1242, "delta": 0.08415841584155714}, "newRacers": {"value": 7692, "total": 133777, "delta": 722}, "licenseChange": {"D": {"total": 1432, "promoted": 266, "demoted": 1}, "C": {"total": 1576, "promoted": 65, "demoted": 14}, "B": {"total": 2056, "promoted": 31, "demoted": 21}, "A": {"total": 1880, "promoted": 35, "demoted": 2}, "P": {"total": 19, "promoted": 1, "demoted": 0}}, "awards": {"IR_up": {"name": "Thomas Houck", "from": 254, "to": 1459}, "IR_down": {"name": "Craig Gullixson", "from": 3998, "to": 3262}, "SR_up": {"name": "Martin Hutchins", "from": "D 2.43", "to": "C 4.45"}, "SR_down": {"name": "Michael Weinkein", "from": "B 3.34", "to": "C 1.61"}}, "country": {"AD": 2, "AR": 8, "AT": 8, "AU": 548, "BE": 12, "BG": 1, "BR": 14, "BY": 1, "CA": 411, "CH": 4, "CL": 2, "CN": 2, "CO": 2, "CZ": 1, "DE": 27, "DK": 7, "DO": 1, "EE": 1, "ES": 39, "FI": 8, "FR": 26, "GB": 94, "GL": 1, "HR": 1, "IE": 2, "IT": 13, "JP": 8, "KR": 1, "KW": 1, "LT": 1, "LU": 2, "LV": 1, "MC": 1, "MK": 1, "MX": 9, "NL": 22, "NO": 3, "NZ": 106, "PL": 9, "PT": 10, "RS": 1, "RU": 5, "SE": 6, "SG": 1, "SK": 1, "US": 6262, "ZA": 5}, "dist": {"IRating": {"xAxis": [0, 50, 100, 150, 200, 250, 300, 350, 400, 450, 500, 550, 600, 650, 700, 750, 800, 850, 900, 950, 1000, 1050, 1100, 1150, 1200, 1250, 1300, 1350, 1400, 1450, 1500, 1550, 1600, 1650, 1700, 1750, 1800, 1850, 1900, 1950, 2000, 2050, 2100, 2150, 2200, 2250, 2300, 2350, 2400, 2450, 2500, 2550, 2600, 2650, 2700, 2750, 2800, 2850, 2900, 2950, 3000, 3050, 3100, 3150, 3200, 3250, 3300, 3350, 3400, 3450, 3500, 3550, 3600, 3650, 3700, 3750, 3800, 3850, 3900, 3950, 4000, 4050, 4100, 4150, 4200, 4250, 4300, 4350, 4400, 4450, 4500, 4550, 4600, 4650, 4700, 4750, 4800, 4850, 4900, 4950, 5000, 5050, 5100, 5150, 5200, 5250, 5300, 5350, 5400, 5450, 5500, 5550, 5600, 5650, 5700, 5750, 5800, 5850, 5900, 5950, 6000, 6050, 6100, 6150, 6200, 6250, 6300, 6350, 6400, 6450, 6500, 6550, 6600, 6650, 6700, 6750, 6800, 6850, 6900, 6950, 7000, 7050, 7100, 7150, 7200, 7250, 7300, 7350, 7400, 7450, 7500, 7550, 7600, 7650, 7700, 7750, 7800, 7850, 7900, 7950, 8000, 8050, 8100, 8150, 8200, 8250, 8300, 8350, 8400, 8450, 8500, 8550, 8600, 8650, 8700, 8750, 8800, 8850, 8900, 8950, 9000, 9050, 9100, 9150, 9200, 9250, 9300, 9350], "D": [0, 1, 13, 27, 22, 41, 47, 74, 87, 107, 160, 153, 195, 203, 243, 296, 355, 405, 418, 526, 723, 831, 1134, 1506, 2099, 2714, 3260, 3014, 2715, 2024, 1459, 936, 627, 352, 255, 144, 112, 70, 69, 51, 45, 28, 33, 18, 19, 12, 14, 16, 9, 10, 10, 5, 5, 7, 11, 9, 8, 3, 0, 3, 5, 3, 1, 4, 2, 5, 2, 3, 1, 1, 1, 1, 4, 2, 1, 1, 0, 1, 1, 1, 1, 0, 0, 0, 1, 0, 0, 0, 1, 1, 2, 1, 0, 0, 0, 0, 1, 0, 0, 0, 0, 0, 0, 0, 0, 0, 0, 1, 0, 0, 0, 1, 1, 0, 0, 0, 0, 0, 0, 0, 0, 0, 0, 0, 0, 0, 0, 0, 0, 0, 0, 0, 0, 0, 0, 0, 0, 0, 0, 0, 0, 0, 0, 0, 0, 0, 0, 0, 0, 0, 0, 0, 0, 0, 0, 0, 0, 0, 0, 0, 0, 0, 0, 0, 0, 0, 0, 0, 0, 0, 0, 0, 0, 0, 0, 0, 0, 0, 0, 0, 0, 0, 0, 0, 0, 0, 0, 0], "C": [0, 2, 6, 14, 23, 31, 39, 67, 98, 99, 137, 177, 207, 285, 301, 327, 399, 431, 517, 536, 688, 735, 855, 891, 1052, 1139, 1127, 1054, 1043, 844, 667, 543, 453, 345, 276, 200, 174, 140, 127, 88, 88, 69, 57, 43, 44, 42, 31, 25, 19, 23, 25, 15, 13, 6, 12, 4, 11, 8, 6, 7, 5, 2, 6, 4, 3, 2, 3, 4, 4, 1, 3, 5, 2, 2, 2, 1, 2, 3, 3, 0, 1, 3, 1, 1, 1, 0, 1, 0, 0, 3, 0, 0, 0, 1, 0, 0, 0, 0, 0, 0, 0, 0, 0, 0, 0, 0, 0, 0, 0, 0, 0, 0, 0, 0, 1, 0, 0, 0, 0, 0, 0, 0, 0, 0, 0, 0, 0, 0, 0, 0, 0, 0, 0, 0, 0, 0, 0, 0, 0, 0, 0, 0, 0, 0, 0, 0, 0, 0, 0, 0, 0, 0, 0, 0, 0, 0, 0, 0, 0, 0, 0, 0, 0, 0, 0, 0, 0, 0, 0, 0, 0, 0, 0, 0, 0, 0, 0, 0, 0, 0, 0, 0, 0, 0, 0, 0, 0, 0], "B": [0, 1, 1, 3, 10, 7, 9, 19, 33, 46, 57, 75, 109, 123, 151, 189, 229, 240, 308, 317, 428, 380, 503, 581, 584, 669, 737, 688, 717, 631, 620, 527, 501, 414, 358, 330, 303, 261, 234, 204, 189, 160, 149, 118, 130, 111, 87, 79, 93, 70, 66, 57, 48, 45, 33, 36, 42, 25, 40, 30, 23, 24, 24, 31, 19, 10, 16, 25, 13, 4, 18, 12, 7, 7, 9, 6, 15, 7, 15, 3, 8, 9, 7, 3, 1, 5, 7, 6, 2, 3, 3, 4, 0, 2, 1, 2, 2, 2, 2, 3, 1, 3, 2, 0, 2, 1, 0, 1, 3, 1, 0, 0, 1, 1, 0, 0, 0, 0, 1, 0, 0, 2, 0, 0, 0, 0, 0, 0, 0, 0, 0, 0, 0, 0, 0, 0, 0, 0, 0, 0, 0, 0, 0, 0, 0, 0, 0, 0, 0, 0, 0, 0, 0, 0, 0, 0, 0, 0, 0, 0, 0, 0, 0, 0, 0, 0, 0, 0, 0, 0, 0, 0, 0, 0, 0, 0, 0, 0, 0, 0, 0, 0, 0, 0, 0, 0, 0, 0], "A": [0, 1, 1, 0, 1, 2, 1, 3, 12, 13, 13, 10, 20, 25, 30, 33, 38, 53, 58, 79, 83, 113, 138, 145, 170, 221, 255, 255, 267, 237, 238, 240, 248, 218, 216, 201, 204, 190, 171, 185, 161, 151, 139, 133, 135, 124, 121, 104, 104, 117, 78, 79, 88, 61, 79, 69, 59, 57, 51, 52, 63, 49, 59, 45, 56, 37, 38, 32, 48, 33, 43, 40, 39, 36, 36, 29, 38, 19, 21, 27, 23, 33, 21, 24, 30, 31, 21, 23, 23, 22, 17, 16, 24, 18, 10, 16, 8, 18, 10, 7, 8, 25, 9, 9, 12, 4, 13, 15, 7, 14, 4, 9, 11, 7, 10, 5, 5, 4, 6, 10, 6, 8, 4, 4, 10, 1, 2, 4, 0, 4, 2, 0, 2, 2, 5, 1, 1, 0, 4, 2, 1, 2, 2, 2, 0, 0, 1, 5, 2, 1, 0, 1, 0, 0, 0, 2, 0, 1, 0, 1, 0, 0, 1, 0, 0, 1, 0, 0, 1, 0, 1, 0, 0, 0, 0, 0, 0, 0, 0, 0, 0, 0, 0, 0, 0, 0, 0, 0], "P": [0, 0, 0, 0, 0, 0, 0, 0, 0, 0, 0, 0, 0, 0, 0, 0, 0, 0, 0, 0, 0, 0, 0, 0, 0, 0, 0, 0, 0, 0, 0, 0, 0, 0, 0, 0, 0, 0, 0, 0, 0, 0, 0, 0, 0, 0, 0, 0, 0, 0, 0, 0, 0, 0, 0, 0, 0, 0, 0, 0, 0, 0, 0, 0, 0, 0, 0, 0, 0, 0, 0, 0, 0, 0, 0, 0, 0, 0, 0, 1, 0, 0, 0, 0, 1, 0, 0, 0, 1, 0, 1, 0, 1, 1, 0, 0, 1, 0, 1, 0, 1, 0, 0, 0, 0, 0, 0, 1, 1, 0, 0, 1, 1, 0, 0, 1, 1, 1, 0, 0, 1, 2, 0, 0, 2, 1, 1, 1, 1, 0, 0, 1, 0, 0, 0, 0, 0, 1, 0, 0, 0, 0, 1, 0, 1, 1, 0, 2, 0, 0, 0, 0, 1, 0, 0, 2, 0, 0, 1, 0, 1, 0, 0, 0, 0, 0, 0, 1, 1, 0, 0, 0, 0, 0, 0, 0, 0, 0, 0, 0, 1, 0, 1, 0, 0, 0, 0, 1, 1]}, "TTRating": {"xAxis": [0, 50, 100, 150, 200, 250, 300, 350, 400, 450, 500, 550, 600, 650, 700, 750, 800, 850, 900, 950, 1000, 1050, 1100, 1150, 1200, 1250, 1300, 1350, 1400, 1450, 1500, 1550, 1600, 1650, 1700, 1750, 1800, 1850, 1900, 1950, 2000, 2050, 2100, 2150, 2200, 2250], "D": [0, 0, 0, 0, 0, 0, 0, 0, 0, 0, 0, 0, 0, 0, 0, 1, 2, 7, 9, 10, 37, 98, 357, 990, 1767, 506, 71, 4, 0, 0, 1, 0, 0, 0, 0, 1, 0, 0, 0, 0, 0, 0, 0, 0, 0, 0], "C": [0, 0, 0, 0, 0, 0, 0, 1, 0, 0, 0, 0, 2, 2, 4, 1, 6, 12, 15, 17, 45, 84, 233, 687, 1429, 1237, 351, 48, 19, 7, 3, 3, 0, 2, 0, 0, 0, 1, 0, 0, 0, 0, 0, 0, 0, 0], "B": [0, 0, 0, 0, 0, 0, 0, 0, 0, 0, 0, 0, 2, 1, 5, 7, 3, 11, 17, 29, 48, 95, 262, 612, 1355, 1405, 590, 137, 53, 34, 11, 12, 9, 3, 2, 1, 2, 1, 1, 0, 1, 0, 0, 0, 0, 0], "A": [0, 0, 0, 0, 0, 0, 0, 0, 0, 1, 1, 0, 1, 1, 0, 6, 8, 7, 21, 34, 57, 92, 183, 397, 860, 1013, 575, 196, 131, 102, 66, 52, 37, 19, 11, 8, 13, 3, 8, 4, 1, 2, 1, 2, 2, 0, 1], "P": [0, 0, 0, 0, 0, 0, 0, 0, 0, 0, 0, 0, 0, 0, 0, 0, 0, 0, 0, 0, 0, 0, 0, 0, 0, 3, 6, 7, 4, 3, 3, 1, 1, 1, 0, 1, 2, 0, 0, 0, 0, 0, 0, 0, 0, 0]}, "IRatingPercent": {"xAxis": [0, 50, 100, 150, 200, 250, 300, 350, 400, 450, 500, 550, 600, 650, 700, 750, 800, 850, 900, 950, 1000, 1050, 1100, 1150, 1200, 1250, 1300, 1350, 1400, 1450, 1500, 1550, 1600, 1650, 1700, 1750, 1800, 1850, 1900, 1950, 2000, 2050, 2100, 2150, 2200, 2250, 2300, 2350, 2400, 2450, 2500, 2550, 2600, 2650, 2700, 2750, 2800, 2850, 2900, 2950, 3000, 3050, 3100, 3150, 3200, 3250, 3300, 3350, 3400, 3450, 3500, 3550, 3600, 3650, 3700, 3750, 3800, 3850, 3900, 3950, 4000, 4050, 4100, 4150, 4200, 4250, 4300, 4350, 4400, 4450, 4500, 4550, 4600, 4650, 4700, 4750, 4800, 4850, 4900, 4950, 5000, 5050, 5100, 5150, 5200, 5250, 5300, 5350, 5400, 5450, 5500, 5550, 5600, 5650, 5700, 5750, 5800, 5850, 5900, 5950, 6000, 6050, 6100, 6150, 6200, 6250, 6300, 6350, 6400, 6450, 6500, 6550, 6600, 6650, 6700, 6750, 6800, 6850, 6900, 6950, 7000, 7050, 7100, 7150, 7200, 7250, 7300, 7350, 7400, 7450, 7500, 7550, 7600, 7650, 7700, 7750, 7800, 7850, 7900, 7950, 8000, 8050, 8100, 8150, 8200, 8250, 8300, 8350, 8400, 8450, 8500, 8550, 8600, 8650, 8700, 8750, 8800, 8850, 8900, 8950, 9000, 9050, 9100, 9150, 9200, 9250, 9300, 9350, 9400],