{"racesDone": {"value": 34777, "total": 5653106}, "lapsDone": {"value": 892673, "total": 138708046}, "avgInc": {"value": 3.173953488372097, "delta": 0.0011666240736039057}, "avgIR": {"value": 1736, "delta": 4.809690091663015}, "avgTT": {"value": 1244, "delta": 0.2588505747125964}, "newRacers": {"value": 7826, "total": 134411, "delta": 634}, "licenseChange": {"D": {"total": 1517, "promoted": 244, "demoted": 1}, "C": {"total": 1634, "promoted": 89, "demoted": 6}, "B": {"total": 2145, "promoted": 31, "demoted": 17}, "A": {"total": 1810, "promoted": 18, "demoted": 0}, "P": {"total": 16, "promoted": 1, "demoted": 0}}, "awards": {"IR_up": {"name": "Colton Key", "from": 3272, "to": 4776}, "IR_down": {"name": "Melvin Purselley", "from": 2713, "to": 2127}, "SR_up": {"name": "Larry Hensley Jr2", "from": "R 2.39", "to": "B 3.42"}, "SR_down": {"name": "Dylan R. Houser", "from": "A 2.39", "to": "A 3.42"}}, "country": {"AE": 1, "AR": 11, "AT": 3, "AU": 547, "BE": 9, "BG": 1, "BR": 14, "CA": 402, "CH": 6, "CN": 2, "CO": 1, "CZ": 2, "DE": 39, "DK": 2, "DO": 1, "EE": 1, "ES": 39, "FI": 14, "FR": 28, "GB": 112, "HR": 1, "IE": 1, "IM": 1, "IS": 1, "IT": 12, "JP": 12, "KR": 1, "KW": 1, "LT": 3, "LU": 1, "LV": 1, "MC": 1, "MX": 5, "NL": 24, "NO": 2, "NZ": 104, "PH": 1, "PL": 9, "PT": 8, "RU": 6, "SE": 8, "SG": 2, "SK": 1, "TR": 2, "UA": 1, "US": 6376, "UY": 2, "ZA": 4}, "dist": {"IRating": {"xAxis": [0, 50, 100, 150, 200, 250, 300, 350, 400, 450, 500, 550, 600, 650, 700, 750, 800, 850, 900, 950, 1000, 1050, 1100, 1150, 1200, 1250, 1300, 1350, 1400, 1450, 1500, 1550, 1600, 1650, 1700, 1750, 1800, 1850, 1900, 1950, 2000, 2050, 2100, 2150, 2200, 2250, 2300, 2350, 2400, 2450, 2500, 2550, 2600, 2650, 2700, 2750, 2800, 2850, 2900, 2950, 3000, 3050, 3100, 3150, 3200, 3250, 3300, 3350, 3400, 3450, 3500, 3550, 3600, 3650, 3700, 3750, 3800, 3850, 3900, 3950, 4000, 4050, 4100, 4150, 4200, 4250, 4300, 4350, 4400, 4450, 4500, 4550, 4600, 4650, 4700, 4750, 4800, 4850, 4900, 4950, 5000, 5050, 5100, 5150, 5200, 5250, 5300, 5350, 5400, 5450, 5500, 5550, 5600, 5650, 5700, 5750, 5800, 5850, 5900, 5950, 6000, 6050, 6100, 6150, 6200, 6250, 6300, 6350, 6400, 6450, 6500, 6550, 6600, 6650, 6700, 6750, 6800, 6850, 6900, 6950, 7000, 7050, 7100, 7150, 7200, 7250, 7300, 7350, 7400, 7450, 7500, 7550, 7600, 7650, 7700, 7750, 7800, 7850, 7900, 7950, 8000, 8050, 8100, 8150, 8200, 8250, 8300, 8350, 8400, 8450, 8500, 8550, 8600, 8650, 8700, 8750, 8800, 8850, 8900, 8950, 9000, 9050, 9100, 9150, 9200, 9250, 9300, 9350, 9400], "D": [0, 1, 14, 25, 28, 40, 45, 71, 86, 115, 154, 160, 187, 210, 251, 308, 346, 407, 415, 521, 749, 830, 1144, 1522, 2119, 2735, 3283, 3027, 2740, 2055, 1455, 937, 639, 358, 253, 145, 118, 75, 66, 49, 41, 31, 35, 21, 17, 12, 14, 13, 9, 7, 11, 7, 4, 7, 9, 9, 8, 4, 0, 3, 5, 3, 1, 4, 1, 6, 2, 2, 0, 1, 1, 1, 4, 2, 2, 1, 2, 1, 1, 0, 1, 0, 0, 0, 1, 0, 0, 0, 2, 2, 1, 0, 0, 0, 0, 0, 1, 0, 0, 0, 0, 0, 0, 0, 0, 0, 0, 1, 0, 0, 0, 0, 1, 1, 0, 0, 0, 0, 0, 0, 0, 0, 0, 0, 0, 0, 0, 0, 0, 0, 0, 0, 0, 0, 0, 0, 0, 0, 0, 0, 0, 0, 0, 0, 0, 0, 0, 0, 0, 0, 0, 0, 0, 0, 0, 0, 0, 0, 0, 0, 0, 0, 0, 0, 0, 0, 0, 0, 0, 0, 0, 0, 0, 0, 0, 0, 0, 0, 0, 0, 0, 0, 0, 0, 0, 0, 0, 0, 0], "C": [0, 2, 9, 14, 23, 31, 37, 68, 93, 106, 142, 176, 216, 266, 298, 329, 410, 443, 519, 549, 685, 751, 841, 895, 1053, 1126, 1132, 1058, 1048, 827, 682, 548, 453, 338, 276, 207, 180, 137, 131, 89, 90, 69, 56, 47, 43, 45, 30, 27, 18, 19, 29, 14, 15, 6, 14, 8, 12, 7, 5, 7, 5, 3, 7, 3, 5, 2, 2, 5, 4, 3, 3, 3, 4, 3, 1, 1, 1, 1, 4, 1, 1, 1, 3, 0, 1, 0, 1, 0, 0, 2, 0, 1, 1, 0, 0, 0, 0, 0, 1, 0, 0, 0, 0, 0, 0, 0, 0, 0, 0, 1, 0, 0, 0, 0, 0, 0, 0, 0, 0, 0, 0, 0, 0, 0, 0, 0, 0, 0, 0, 0, 0, 0, 0, 0, 0, 0, 0, 0, 0, 0, 0, 0, 0, 0, 0, 0, 0, 0, 0, 0, 0, 0, 0, 0, 0, 0, 0, 0, 0, 0, 0, 0, 0, 0, 0, 0, 0, 0, 0, 0, 0, 0, 0, 0, 0, 0, 0, 0, 0, 0, 0, 0, 0, 0, 0, 0, 0, 0, 0], "B": [0, 1, 1, 3, 12, 6, 9, 16, 34, 46, 62, 70, 117, 120, 156, 188, 243, 222, 302, 329, 424, 381, 500, 575, 588, 663, 739, 697, 696, 640, 613, 549, 498, 420, 354, 328, 309, 273, 230, 214, 189, 150, 146, 127, 128, 100, 86, 82, 93, 75, 65, 53, 48, 44, 40, 37, 40, 22, 40, 27, 28, 25, 25, 29, 20, 9, 20, 23, 13, 8, 13, 11, 11, 9, 7, 7, 15, 5, 12, 6, 7, 6, 11, 4, 2, 4, 6, 6, 4, 5, 4, 0, 2, 2, 0, 3, 5, 1, 1, 3, 1, 2, 2, 1, 1, 0, 1, 1, 2, 0, 0, 0, 1, 2, 0, 1, 0, 0, 0, 0, 0, 1, 1, 0, 0, 0, 0, 0, 0, 0, 0, 0, 1, 0, 0, 0, 0, 0, 0, 0, 0, 0, 0, 0, 0, 0, 0, 0, 0, 0, 0, 0, 0, 0, 0, 0, 0, 0, 0, 0, 0, 0, 0, 0, 0, 0, 0, 0, 0, 0, 0, 0, 0, 0, 0, 0, 0, 0, 0, 0, 0, 0, 0, 0, 0, 0, 0, 0, 0], "A": [0, 1, 1, 0, 1, 2, 2, 3, 11, 12, 14, 9, 23, 23, 28, 33, 41, 51, 63, 78, 84, 113, 143, 134, 178, 217, 259, 244, 266, 239, 230, 258, 247, 216, 207, 208, 202, 186, 184, 181, 166, 133, 143, 138, 124, 128, 124, 105, 108, 107, 79, 91, 82, 56, 85, 74, 52, 61, 51, 57, 55, 54, 54, 50, 58, 39, 35, 34, 45, 33, 41, 38, 44, 27, 34, 35, 30, 20, 24, 29, 24, 34, 21, 28, 28, 31, 20, 19, 26, 19, 20, 17, 22, 18, 8, 17, 8, 16, 13, 10, 9, 24, 10, 11, 11, 4, 10, 15, 6, 13, 7, 8, 12, 5, 11, 6, 6, 4, 7, 6, 6, 9, 5, 4, 11, 2, 2, 4, 0, 2, 2, 1, 1, 2, 6, 2, 1, 0, 2, 1, 1, 1, 3, 3, 0, 0, 3, 4, 1, 2, 0, 0, 1, 1, 0, 0, 1, 1, 0, 0, 0, 0, 1, 0, 0, 1, 0, 0, 0, 1, 2, 0, 0, 0, 0, 0, 0, 0, 0, 0, 0, 0, 0, 0, 0, 0, 0, 0, 0], "P": [0, 0, 0, 0, 0, 0, 0, 0, 0, 0, 0, 0, 0, 0, 0, 0, 0, 0, 0, 0, 0, 0, 0, 0, 0, 0, 0, 0, 0, 0, 0, 0, 0, 0, 0, 0, 0, 0, 0, 0, 0, 0, 0, 0, 0, 0, 0, 0, 0, 0, 0, 0, 0, 0, 0, 0, 0, 0, 0, 0, 0, 0, 0, 0, 0, 0, 0, 0, 0, 0, 0, 0, 0, 0, 0, 0, 0, 0, 0, 1, 0, 0, 0, 0, 1, 0, 0, 0, 1, 0, 1, 0, 0, 1, 0, 0, 1, 0, 0, 0, 2, 0, 0, 0, 0, 0, 0, 1, 1, 0, 0, 1, 2, 0, 1, 1, 0, 0, 1, 0, 1, 2, 0, 0, 3, 1, 0, 1, 0, 1, 0, 1, 0, 0, 0, 0, 0, 1, 0, 0, 0, 0, 0, 2, 0, 1, 0, 2, 0, 0, 0, 0, 1, 0, 2, 1, 0, 0, 0, 0, 1, 0, 0, 0, 0, 0, 0, 1, 1, 0, 0, 0, 0, 0, 0, 0, 0, 0, 0, 0, 1, 0, 1, 0, 0, 0, 0, 1, 0, 1]}, "TTRating": {"xAxis": [0, 50, 100, 150, 200, 250, 300, 350, 400, 450, 500, 550, 600, 650, 700, 750, 800, 850, 900, 950, 1000, 1050, 1100, 1150, 1200, 1250, 1300, 1350, 1400, 1450, 1500, 1550, 1600, 1650, 1700, 1750, 1800, 1850, 1900, 1950, 2000, 2050, 2100, 2150, 2200, 2250], "D": [0, 0, 0, 0, 0, 0, 0, 0, 0, 0, 0, 0, 0, 0, 0, 1, 2, 7, 9, 10, 37, 99, 360, 989, 1777, 514, 68, 7, 0, 0, 1, 0, 0, 0, 0, 1, 0, 0, 0, 0, 0, 0, 0, 0, 0, 0], "C": [0, 0, 0, 0, 0, 0, 0, 1, 0, 0, 0, 0, 2, 2, 4, 1, 6, 12, 15, 17, 45, 84, 233, 689, 1432, 1241, 357, 51, 20, 9, 2, 3, 0, 2, 0, 0, 0, 1, 0, 0, 0, 0, 0, 0, 0, 0], "B": [0, 0, 0, 0, 0, 0, 0, 0, 0, 0, 0, 0, 2, 1, 5, 7, 3, 11, 17, 29, 48, 95, 267, 612, 1363, 1405, 590, 137, 50, 34, 14, 12, 9, 4, 1, 1, 2, 1, 1, 0, 1, 0, 0, 0, 0, 0], "A": [0, 0, 0, 0, 0, 0, 0, 0, 0, 1, 1, 0, 1, 1, 0, 6, 8, 7, 21, 34, 56, 93, 184, 398, 864, 1013, 572, 198, 130, 105, 63, 54, 36, 19, 12, 8, 13, 3, 8, 4, 1, 1, 1, 2, 3, 0, 1], "P": [0, 0, 0, 0, 0, 0, 0, 0, 0, 0, 0, 0, 0, 0, 0, 0, 0, 0, 0, 0, 0, 0, 0, 0, 0, 3, 6, 8, 4, 3, 3, 0, 1, 1, 0, 1, 1, 1, 0, 0, 0, 0, 0, 0, 0, 0]},