{"racesDone": {"value": 12402, "total": 1580406}, "lapsDone": {"value": 106177, "total": 13540657}, "avgInc": {"value": 2.5663440280399024, "delta": -0.03212725802102989}, "avgIR": {"value": 1659, "delta": 13.237138263665429}, "avgTT": {"value": 1176, "delta": -0.9152542372880816}, "newRacers": {"value": 3709, "total": 154357, "delta": 1224}, "licenseChange": {"D": {"total": 1343, "promoted": 297, "demoted": 0}, "C": {"total": 821, "promoted": 58, "demoted": 0}, "B": {"total": 397, "promoted": 32, "demoted": 0}, "A": {"total": 224, "promoted": 23, "demoted": 2}, "P": {"total": 2, "promoted": 0, "demoted": 0}}, "awards": {"IR_up": {"name": "Jacob Putman", "from": 1775, "to": 3135}, "IR_down": {"name": "Rob Hale", "from": 2502, "to": 1844}, "SR_up": {"name": "Joni Paloneva", "from": "B 3.69", "to": "A 4.99"}, "SR_down": {"name": "Marco Berr\u00e9", "from": "A 3.69", "to": "A 4.99"}}, "country": {"AD": 11, "AE": 4, "AR": 37, "AT": 7, "AU": 248, "BE": 28, "BG": 4, "BO": 2, "BR": 23, "BY": 2, "CA": 267, "CH": 14, "CL": 5, "CN": 2, "CO": 2, "CR": 7, "CY": 2, "CZ": 9, "DE": 101, "DK": 11, "DO": 1, "DZ": 1, "EE": 3, "ES": 161, "FI": 56, "FR": 111, "GB": 163, "GG": 2, "GI": 1, "GL": 1, "GR": 2, "GT": 1, "HK": 6, "HR": 1, "HU": 11, "IE": 7, "IT": 59, "JP": 18, "KR": 7, "KY": 1, "LB": 1, "LT": 6, "LV": 3, "MC": 1, "MK": 1, "MV": 2, "MX": 21, "NL": 67, "NO": 28, "NZ": 46, "PE": 3, "PL": 26, "PR": 1, "PT": 32, "RE": 1, "RO": 4, "RS": 1, "RU": 19, "SA": 1, "SE": 31, "SG": 5, "SI": 1, "SK": 2, "TR": 17, "UA": 5, "US": 1972, "UY": 2, "VI": 1, "ZA": 9, "nan": 1}, "dist": {"IRating": {"xAxis": [0, 50, 100, 150, 200, 250, 300, 350, 400, 450, 500, 550, 600, 650, 700, 750, 800, 850, 900, 950, 1000, 1050, 1100, 1150, 1200, 1250, 1300, 1350, 1400, 1450, 1500, 1550, 1600, 1650, 1700, 1750, 1800, 1850, 1900, 1950, 2000, 2050, 2100, 2150, 2200, 2250, 2300, 2350, 2400, 2450, 2500, 2550, 2600, 2650, 2700, 2750, 2800, 2850, 2900, 2950, 3000, 3050, 3100, 3150, 3200, 3250, 3300, 3350, 3400, 3450, 3500, 3550, 3600, 3650, 3700, 3750, 3800, 3850, 3900, 3950, 4000, 4050, 4100, 4150, 4200, 4250, 4300, 4350, 4400, 4450, 4500, 4550, 4600, 4650, 4700, 4750, 4800, 4850, 4900, 4950, 5000, 5050, 5100, 5150, 5200, 5250, 5300, 5350, 5400, 5450, 5500, 5550, 5600, 5650, 5700, 5750, 5800, 5850, 5900, 5950, 6000, 6050, 6100, 6150, 6200, 6250, 6300, 6350, 6400, 6450, 6500, 6550, 6600, 6650, 6700, 6750, 6800, 6850, 6900, 6950, 7000, 7050, 7100, 7150, 7200, 7250, 7300, 7350, 7400, 7450, 7500, 7550, 7600, 7650, 7700, 7750, 7800, 7850, 7900, 7950, 8000, 8050, 8100, 8150, 8200, 8250, 8300, 8350, 8400, 8450, 8500, 8550, 8600, 8650], "D": [0, 0, 0, 0, 2, 1, 3, 9, 4, 7, 6, 12, 33, 30, 51, 68, 100, 149, 197, 280, 454, 632, 1056, 1552, 2405, 3127, 4199, 4501, 4571, 3826, 3035, 1909, 1357, 793, 579, 326, 237, 173, 123, 97, 85, 58, 50, 37, 37, 23, 26, 18, 23, 13, 12, 12, 13, 10, 8, 7, 5, 6, 2, 4, 4, 5, 6, 5, 2, 5, 0, 0, 2, 1, 3, 3, 4, 0, 2, 0, 2, 0, 1, 1, 0, 0, 1, 0, 2, 0, 1, 0, 2, 0, 0, 0, 1, 0, 1, 0, 1, 0, 0, 2, 1, 0, 0, 0, 0, 0, 0, 0, 0, 0, 0, 0, 0, 0, 0, 0, 0, 0, 0, 0, 0, 0, 0, 0, 0, 0, 0, 0, 0, 0, 0, 0, 0, 0, 0, 0, 0, 0, 0, 0, 0, 0, 0, 0, 0, 0, 0, 0, 0, 0, 0, 0, 0, 0, 0, 0, 0, 0, 0, 0, 0, 0, 0, 0, 0, 0, 0, 0, 0, 0, 0, 0, 0, 0], "C": [0, 0, 0, 0, 0, 0, 3, 2, 1, 2, 7, 6, 12, 23, 17, 40, 43, 57, 84, 95, 159, 182, 271, 419, 538, 688, 772, 830, 833, 805, 767, 673, 619, 443, 390, 363, 272, 227, 227, 184, 145, 129, 108, 103, 92, 79, 80, 63, 66, 37, 41, 50, 44, 40, 36, 24, 24, 17, 29, 15, 19, 20, 15, 17, 15, 15, 14, 23, 7, 10, 9, 11, 12, 8, 5, 6, 6, 7, 4, 5, 8, 4, 8, 4, 7, 4, 3, 1, 4, 5, 2, 1, 1, 2, 4, 2, 1, 1, 1, 2, 4, 4, 2, 1, 1, 1, 1, 0, 1, 2, 0, 0, 4, 1, 1, 0, 0, 0, 0, 0, 0, 0, 0, 0, 0, 0, 0, 0, 0, 0, 0, 0, 0, 0, 0, 0, 0, 0, 0, 0, 0, 0, 0, 0, 0, 0, 0, 0, 0, 0, 0, 0, 0, 0, 0, 0, 0, 0, 0, 0, 0, 0, 0, 0, 0, 0, 0, 0, 0, 0, 0, 0, 0, 0], "B": [0, 0, 0, 0, 0, 0, 0, 1, 0, 1, 1, 3, 6, 4, 3, 6, 9, 7, 12, 11, 36, 33, 34, 55, 73, 89, 106, 100, 109, 112, 93, 102, 95, 76, 76, 61, 47, 40, 48, 52, 46, 28, 45, 46, 30, 25, 26, 22, 21, 20, 24, 24, 14, 11, 20, 10, 15, 12, 5, 12, 9, 9, 10, 12, 10, 5, 12, 3, 3, 5, 6, 3, 7, 5, 7, 6, 2, 2, 6, 2, 5, 6, 7, 4, 1, 3, 5, 2, 5, 2, 2, 3, 1, 6, 0, 0, 2, 1, 4, 0, 2, 1, 0, 0, 2, 4, 3, 0, 0, 0, 1, 1, 0, 1, 1, 0, 0, 0, 2, 0, 0, 2, 1, 0, 0, 0, 1, 1, 0, 1, 1, 0, 0, 0, 0, 0, 0, 1, 0, 0, 0, 0, 0, 0, 0, 0, 0, 0, 0, 0, 0, 0, 0, 0, 0, 0, 1, 0, 0, 0, 0, 0, 0, 0, 0, 0, 0, 0, 0, 0, 0, 0, 0, 0], "A": [0, 0, 0, 0, 0, 0, 0, 0, 0, 0, 0, 2, 1, 2, 2, 1, 2, 4, 2, 5, 8, 8, 16, 14, 17, 33, 22, 43, 37, 38, 31, 30, 27, 29, 25, 23, 20, 18, 13, 18, 18, 15, 20, 14, 21, 15, 12, 11, 13, 7, 7, 9, 6, 10, 6, 11, 7, 5, 8, 7, 4, 7, 7, 7, 8, 5, 9, 4, 2, 7, 6, 9, 4, 1, 4, 7, 2, 2, 7, 3, 5, 2, 2, 2, 6, 4, 3, 5, 2, 4, 2, 4, 2, 3, 5, 4, 2, 2, 2, 1, 4, 2, 3, 2, 2, 1, 2, 1, 2, 1, 2, 1, 2, 0, 1, 0, 2, 0, 2, 0, 1, 0, 1, 1, 0, 0, 0, 0, 1, 0, 1, 0, 0, 1, 1, 0, 0, 0, 0, 0, 0, 0, 0, 0, 1, 1, 0, 0, 0, 0, 1, 0, 0, 0, 0, 0, 0, 1, 0, 0, 0, 0, 0, 0, 0, 0, 0, 0, 0, 0, 0, 1, 0, 0], "P": [0, 0, 0, 0, 0, 0, 0, 0, 0, 0, 0, 0, 0, 0, 0, 0, 0, 0, 0, 0, 0, 0, 0, 0, 0, 0, 0, 0, 0, 0, 0, 0, 0, 0, 0, 0, 0, 0, 0, 0, 0, 0, 0, 0, 0, 0, 0, 0, 0, 0, 0, 0, 0, 0, 0, 0, 0, 0, 0, 0, 0, 0, 0, 0, 0, 0, 0, 0, 0, 0, 0, 0, 0, 0, 0, 0, 0, 0, 0, 0, 0, 0, 0, 0, 2, 1, 0, 0, 0, 0, 0, 0, 0, 0, 0, 0, 0, 0, 0, 0, 0, 2, 0, 0, 0, 0, 1, 1, 0, 0, 0, 0, 0, 0, 0, 1, 1, 1, 0, 2, 0, 1, 0, 1, 0, 0, 0, 1, 0, 0, 1, 0, 2, 0, 0, 0, 0, 1, 0, 0, 1, 0, 0, 1, 1, 0, 1, 0, 0, 0, 0, 0, 1, 1, 0, 0, 0, 0, 0, 0, 0, 0, 0, 0, 0, 0, 0, 0, 0, 0, 0, 0, 0, 0, 1]}, "TTRating": {"xAxis": [0, 50, 100, 150, 200, 250, 300, 350, 400, 450, 500, 550, 600, 650, 700, 750, 800, 850, 900, 950, 1000, 1050, 1100, 1150, 1200, 1250, 1300, 1350, 1400, 1450, 1500, 1550, 1600, 1650, 1700, 1750, 1800, 1850, 1900, 1950, 2000, 2050, 2100, 2150, 2200, 2250, 2300, 2350, 2400, 2450, 2500, 2550], "D": [0, 0, 0, 0, 0, 0, 0, 0, 0, 1, 0, 1, 0, 2, 1, 4, 7, 12, 20, 40, 58, 121, 222, 387, 660, 413, 65, 5, 2, 0, 0, 0, 0, 0, 0, 0, 0, 0, 0, 0, 0, 0, 0, 0, 0, 0, 0, 0, 0, 0, 0, 0], "C": [0, 0, 0, 0, 0, 0, 0, 0, 0, 0, 0, 2, 1, 3, 3, 4, 7, 11, 19, 30, 50, 103, 156, 353, 506, 443, 86, 13, 8, 3, 3, 3, 0, 0, 0, 0, 0, 0, 0, 0, 0, 0, 0, 0, 0, 0, 0, 0, 0, 0, 0, 0, 1], "B": [0, 0, 0, 0, 0, 0, 0, 0, 0, 2, 0, 2, 0, 1, 5, 5, 9, 13, 14, 19, 37, 61, 84, 167, 270, 250, 48, 19, 8, 5, 2, 3, 0, 0, 0, 0, 0, 0, 0, 0, 0, 0, 0, 0, 0, 0, 1, 0, 0, 0, 0, 0], "A": [0, 0, 0, 0, 0, 0, 1, 0, 0, 0, 0, 3, 0, 2, 1, 5, 7, 6, 9, 16, 28, 41, 69, 72, 130, 147, 46, 14, 3, 9, 1, 1, 1, 2, 2, 1, 0, 2, 0, 0, 0, 0, 0, 0, 0, 0, 0, 0, 0, 0, 0, 0], "P": [0, 0, 0, 0, 0, 0, 0, 0, 0, 0, 0, 0, 0, 0, 0, 0, 0, 0, 0, 0, 0, 0, 0, 0, 0, 3, 8, 1, 0, 0, 0, 0, 0, 0, 1, 0, 0, 0, 0, 0, 0, 0, 1, 1, 0, 0, 0, 0, 0, 0, 0, 0]}, "IRatingPercent": {"xAxis": [0, 50, 100, 150, 200, 250, 300, 350, 400, 450, 500, 550, 600, 650, 700, 750, 800, 850, 900, 950, 1000, 1050, 1100, 1150, 1200, 1250, 1300, 1350, 1400, 1450, 1500, 1550, 1600, 1650, 1700, 1750, 1800, 1850, 1900, 1950, 2000, 2050, 2100, 2150, 2200, 2250, 2300, 2350, 2400, 2450, 2500, 2550, 2600, 2650, 2700, 2750, 2800, 2850, 2900, 2950, 3000, 3050, 3100, 3150, 3200, 3250, 3300, 3350, 3400, 3450, 3500, 3550, 3600, 3650, 3700, 3750, 3800, 3850, 3900, 3950, 4000, 4050, 4100, 4150, 4200, 4250, 4300, 4350, 4400, 4450, 4500, 4550, 4600, 4650, 4700, 4750, 4800, 4850, 4900, 4950, 5000, 5050, 5100, 5150, 5200, 5250, 5300, 5350, 5400, 5450, 5500, 5550, 5600, 5650, 5700, 5750, 5800, 5850, 5900, 5950, 6000, 6050, 6100, 6150, 6200, 6250, 6300, 6350, 6400, 6450, 6500, 6550, 6600, 6650, 6700, 6750, 6800, 6850, 6900, 6950, 7000, 7050, 7100, 7150, 7200, 7250, 7300, 7350, 7400, 7450, 7500, 7550, 7600, 7650, 7700, 7750, 7800, 7850, 7900, 7950, 8000, 8050, 8100, 8150, 8200, 8250, 8300, 8350, 8400, 8450, 8500, 8550, 8600, 8650, 8700],