{"racesDone": {"value": 33399, "total": 5686505}, "lapsDone": {"value": 886565, "total": 139594611}, "avgInc": {"value": 3.1796700781039577, "delta": 0.005988419068130302}, "avgIR": {"value": 1763, "delta": 2.190360346662601}, "avgTT": {"value": 1247, "delta": 0.68156682027643}, "newRacers": {"value": 7426, "total": 134862, "delta": 451}, "licenseChange": {"D": {"total": 1260, "promoted": 76, "demoted": 0}, "C": {"total": 1514, "promoted": 55, "demoted": 6}, "B": {"total": 2054, "promoted": 42, "demoted": 12}, "A": {"total": 1811, "promoted": 25, "demoted": 3}, "P": {"total": 15, "promoted": 0, "demoted": 0}}, "awards": {"IR_up": {"name": "Ethan Winter", "from": 2657, "to": 3942}, "IR_down": {"name": "Colton Key", "from": 4776, "to": 3788}, "SR_up": {"name": "Joel L Blewitt", "from": "R 2.67", "to": "C 3.62"}, "SR_down": {"name": "Robert Atencio", "from": "A 3.57", "to": "A 1.28"}}, "country": {"AR": 14, "AT": 3, "AU": 486, "BE": 7, "BG": 1, "BR": 7, "CA": 356, "CH": 4, "CL": 2, "CN": 1, "CO": 2, "CZ": 3, "DE": 30, "DK": 3, "DO": 1, "EE": 1, "ES": 38, "FI": 9, "FR": 21, "GB": 95, "GI": 2, "HK": 1, "HR": 1, "HU": 3, "ID": 1, "IM": 1, "IT": 9, "JP": 6, "KR": 1, "KW": 1, "LU": 1, "LV": 1, "MC": 1, "MT": 1, "MX": 6, "NL": 20, "NO": 1, "NZ": 95, "PH": 1, "PL": 8, "PT": 8, "PY": 1, "RU": 12, "SE": 9, "TR": 1, "UA": 1, "US": 6140, "UY": 2, "ZA": 7}, "dist": {"IRating": {"xAxis": [0, 50, 100, 150, 200, 250, 300, 350, 400, 450, 500, 550, 600, 650, 700, 750, 800, 850, 900, 950, 1000, 1050, 1100, 1150, 1200, 1250, 1300, 1350, 1400, 1450, 1500, 1550, 1600, 1650, 1700, 1750, 1800, 1850, 1900, 1950, 2000, 2050, 2100, 2150, 2200, 2250, 2300, 2350, 2400, 2450, 2500, 2550, 2600, 2650, 2700, 2750, 2800, 2850, 2900, 2950, 3000, 3050, 3100, 3150, 3200, 3250, 3300, 3350, 3400, 3450, 3500, 3550, 3600, 3650, 3700, 3750, 3800, 3850, 3900, 3950, 4000, 4050, 4100, 4150, 4200, 4250, 4300, 4350, 4400, 4450, 4500, 4550, 4600, 4650, 4700, 4750, 4800, 4850, 4900, 4950, 5000, 5050, 5100, 5150, 5200, 5250, 5300, 5350, 5400, 5450, 5500, 5550, 5600, 5650, 5700, 5750, 5800, 5850, 5900, 5950, 6000, 6050, 6100, 6150, 6200, 6250, 6300, 6350, 6400, 6450, 6500, 6550, 6600, 6650, 6700, 6750, 6800, 6850, 6900, 6950, 7000, 7050, 7100, 7150, 7200, 7250, 7300, 7350, 7400, 7450, 7500, 7550, 7600, 7650, 7700, 7750, 7800, 7850, 7900, 7950, 8000, 8050, 8100, 8150, 8200, 8250, 8300, 8350, 8400, 8450, 8500, 8550, 8600, 8650, 8700, 8750, 8800, 8850, 8900, 8950, 9000, 9050, 9100, 9150, 9200, 9250, 9300, 9350, 9400, 9450], "D": [0, 2, 14, 26, 23, 42, 48, 71, 92, 112, 159, 150, 189, 210, 257, 304, 346, 406, 429, 521, 749, 843, 1140, 1528, 2107, 2747, 3292, 3030, 2740, 2061, 1452, 936, 629, 361, 260, 147, 112, 78, 70, 49, 41, 31, 32, 24, 17, 13, 16, 12, 9, 8, 12, 6, 5, 6, 9, 10, 9, 3, 0, 3, 5, 2, 2, 3, 1, 6, 1, 2, 0, 1, 3, 1, 4, 4, 1, 1, 0, 1, 1, 0, 0, 1, 0, 0, 1, 0, 1, 1, 1, 0, 1, 1, 0, 0, 0, 0, 1, 0, 0, 0, 0, 0, 0, 0, 0, 0, 0, 1, 0, 0, 0, 0, 1, 1, 0, 0, 0, 0, 0, 0, 0, 0, 0, 0, 0, 0, 0, 0, 0, 0, 0, 0, 0, 0, 0, 0, 0, 0, 0, 0, 0, 0, 0, 0, 0, 0, 0, 0, 0, 0, 0, 0, 0, 0, 0, 0, 0, 0, 0, 0, 0, 0, 0, 0, 0, 0, 0, 0, 0, 0, 0, 0, 0, 0, 0, 0, 0, 0, 0, 0, 0, 0, 0, 0, 0, 0, 0, 0, 0, 0], "C": [0, 3, 9, 14, 22, 34, 41, 69, 93, 104, 151, 179, 200, 264, 303, 333, 408, 444, 521, 557, 682, 749, 867, 887, 1044, 1134, 1136, 1049, 1049, 814, 686, 535, 463, 332, 282, 212, 177, 139, 141, 87, 88, 71, 57, 41, 43, 47, 33, 27, 24, 20, 28, 14, 12, 11, 16, 6, 11, 7, 5, 4, 5, 5, 4, 3, 6, 2, 4, 4, 5, 3, 3, 2, 2, 2, 3, 0, 1, 1, 6, 1, 2, 1, 1, 0, 1, 0, 2, 0, 0, 1, 0, 1, 0, 1, 0, 0, 0, 0, 0, 0, 0, 0, 1, 0, 0, 0, 0, 0, 0, 0, 0, 0, 0, 0, 0, 0, 0, 0, 0, 0, 0, 0, 0, 0, 0, 0, 0, 0, 0, 0, 0, 0, 0, 0, 0, 0, 0, 0, 0, 0, 0, 0, 0, 0, 0, 0, 0, 0, 0, 0, 0, 0, 0, 0, 0, 0, 0, 0, 0, 0, 0, 0, 0, 0, 0, 0, 0, 0, 0, 0, 0, 0, 0, 0, 0, 0, 0, 0, 0, 0, 0, 0, 0, 0, 0, 0, 0, 0, 0, 0], "B": [0, 1, 1, 3, 12, 5, 10, 17, 33, 46, 66, 71, 115, 121, 149, 188, 244, 237, 310, 326, 418, 389, 483, 583, 603, 668, 728, 702, 683, 629, 612, 537, 510, 421, 364, 328, 306, 271, 218, 216, 194, 149, 161, 114, 125, 112, 85, 83, 87, 67, 67, 56, 50, 50, 38, 43, 42, 26, 32, 34, 29, 19, 28, 25, 17, 12, 16, 20, 18, 10, 13, 14, 6, 8, 8, 12, 13, 8, 11, 6, 13, 8, 8, 2, 2, 5, 6, 4, 7, 2, 6, 4, 0, 1, 2, 1, 2, 1, 2, 5, 2, 3, 1, 1, 1, 2, 0, 0, 1, 0, 1, 0, 0, 2, 0, 1, 0, 0, 0, 0, 0, 1, 0, 1, 0, 0, 0, 0, 0, 0, 0, 0, 1, 0, 0, 0, 0, 0, 0, 0, 0, 0, 0, 0, 0, 0, 0, 0, 0, 0, 0, 0, 0, 0, 0, 0, 0, 0, 0, 0, 0, 0, 0, 0, 0, 0, 0, 0, 0, 0, 0, 0, 0, 0, 0, 0, 0, 0, 0, 0, 0, 0, 0, 0, 0, 0, 0, 0, 0, 0], "A": [0, 1, 1, 0, 1, 2, 1, 4, 11, 11, 16, 10, 20, 25, 30, 36, 42, 49, 64, 69, 85, 117, 137, 140, 187, 213, 255, 244, 262, 236, 244, 248, 241, 225, 206, 212, 196, 188, 182, 159, 156, 156, 144, 136, 136, 135, 124, 100, 103, 115, 88, 81, 85, 58, 78, 78, 57, 48, 59, 61, 50, 59, 58, 46, 46, 42, 37, 36, 42, 37, 45, 41, 42, 32, 31, 27, 34, 20, 22, 22, 34, 33, 24, 28, 30, 26, 20, 24, 27, 20, 18, 15, 23, 14, 16, 16, 9, 13, 10, 9, 10, 20, 13, 6, 9, 14, 10, 14, 7, 13, 7, 7, 12, 6, 12, 9, 5, 4, 7, 6, 6, 10, 4, 3, 10, 1, 3, 4, 1, 2, 2, 1, 1, 5, 4, 1, 2, 0, 1, 2, 1, 1, 1, 3, 1, 0, 3, 3, 1, 2, 0, 1, 2, 1, 0, 0, 0, 2, 0, 0, 0, 0, 1, 0, 1, 0, 0, 0, 1, 1, 1, 0, 0, 0, 0, 0, 0, 0, 0, 0, 0, 0, 0, 0, 0, 0, 0, 0, 0, 0], "P": [0, 0, 0, 0, 0, 0, 0, 0, 0, 0, 0, 0, 0, 0, 0, 0, 0, 0, 0, 0, 0, 0, 0, 0, 0, 0, 0, 0, 0, 0, 0, 0, 0, 0, 0, 0, 0, 0, 0, 0, 0, 0, 0, 0, 0, 0, 0, 0, 0, 0, 0, 0, 0, 0, 0, 0, 0, 0, 0, 0, 0, 0, 0, 0, 0, 0, 0, 0, 0, 0, 0, 0, 0, 0, 0, 0, 0, 0, 0, 1, 0, 0, 0, 0, 1, 0, 0, 0, 1, 0, 1, 0, 0, 1, 0, 0, 1, 0, 0, 0, 1, 0, 0, 1, 0, 0, 0, 1, 1, 0, 0, 0, 1, 0, 1, 1, 0, 0, 0, 0, 1, 2, 0, 0, 3, 0, 0, 2, 0, 1, 0, 0, 1, 0, 0, 0, 0, 1, 0, 0, 0, 0, 1, 1, 0, 1, 0, 2, 0, 0, 0, 0, 0, 1, 1, 2, 1, 0, 0, 0, 0, 0, 0, 0, 0, 0, 0, 1, 1, 0, 0, 0, 0, 0, 0, 0, 0, 0, 0, 0, 0, 1, 1, 0, 0, 0, 0, 1, 0, 0, 1]}, "TTRating": {"xAxis": [0, 50, 100, 150, 200, 250, 300, 350, 400, 450, 500, 550, 600, 650, 700, 750, 800, 850, 900, 950, 1000, 1050, 1100, 1150, 1200, 1250, 1300, 1350, 1400, 1450, 1500, 1550, 1600, 1650, 1700, 1750, 1800, 1850, 1900, 1950, 2000, 2050, 2100, 2150, 2200, 2250], "D": [0, 0, 0, 0, 0, 0, 0, 0, 0, 0, 0, 0, 0, 0, 0, 1, 2, 7, 9, 10, 37, 98, 361, 992, 1777, 525, 66, 10, 1, 0, 0, 0, 0, 0, 0, 1, 0, 0, 0, 0, 0, 0, 0, 0, 0, 0], "C": [0, 0, 0, 0, 0, 0, 0, 1, 0, 0, 0, 0, 2, 2, 4, 1, 6, 12, 15, 17, 45, 85, 233, 688, 1430, 1244, 361, 51, 19, 8, 3, 3, 0, 2, 0, 0, 0, 1, 0, 0, 0, 0, 0, 0, 0, 0], "B": [0, 0, 0, 0, 0, 0, 0, 0, 0, 0, 0, 0, 2, 1, 5, 7, 3, 11, 17, 30, 46, 97, 266, 614, 1363, 1420, 591, 140, 49, 37, 12, 12, 10, 3, 2, 2, 2, 1, 1, 0, 1, 0, 0, 0, 0, 0], "A": [0, 0, 0, 0, 0, 0, 0, 0, 0, 1, 1, 0, 1, 1, 0, 6, 8, 7, 21, 34, 57, 93, 183, 398, 866, 1013, 584, 194, 131, 104, 64, 55, 36, 18, 13, 8, 14, 3, 8, 3, 2, 1, 2, 2, 2, 0, 1], "P": [0, 0, 0, 0, 0, 0, 0, 0, 0, 0, 0, 0, 0, 0, 0, 0, 0, 0, 0, 0, 0, 0, 0, 0, 0, 2, 6, 8, 4, 3, 2, 0, 1, 0, 0, 1, 1, 1, 0, 0, 0, 0, 0, 0, 0, 0]},