{"racesDone": {"value": 85138, "total": 27888689}, "lapsDone": {"value": 3292514, "total": 1082077321}, "avgInc": {"value": 4.903012922101666, "delta": -0.05217237596001212}, "avgIR": {"value": 1785, "delta": 4.814904344222668}, "avgTT": {"value": 1256, "delta": -0.367163746923552}, "newRacers": {"value": 16406, "total": 311758, "delta": 1499}, "licenseChange": {"D": {"total": 2656, "promoted": 359, "demoted": 7}, "C": {"total": 2043, "promoted": 175, "demoted": 23}, "B": {"total": 3120, "promoted": 115, "demoted": 54}, "A": {"total": 7018, "promoted": 111, "demoted": 5}, "P": {"total": 11, "promoted": 0, "demoted": 0}}, "awards": {"IR_up": {"name": "Tyler Lau2", "from": 901, "to": 2206}, "IR_down": {"name": "Devin Manchester", "from": 2324, "to": 1450}, "SR_up": {"name": "Stephen Romero", "from": "R 2.10", "to": "A 3.29"}, "SR_down": {"name": "Gerald Lyon", "from": "A 4.16", "to": "A 1.33"}}, "country": {"AD": 14, "AE": 6, "AM": 1, "AR": 72, "AT": 41, "AU": 510, "AW": 1, "BE": 51, "BG": 2, "BR": 164, "BY": 7, "CA": 1056, "CH": 45, "CL": 24, "CN": 5, "CO": 17, "CR": 1, "CY": 1, "CZ": 18, "DE": 266, "DK": 20, "DO": 3, "EC": 2, "EE": 6, "EG": 1, "ES": 365, "FI": 47, "FR": 187, "GB": 449, "GI": 3, "GP": 1, "GR": 2, "HK": 5, "HR": 4, "HU": 16, "ID": 2, "IE": 23, "IL": 2, "IM": 1, "IN": 1, "IS": 2, "IT": 80, "JE": 1, "JP": 35, "KR": 8, "KW": 1, "KY": 1, "LB": 1, "LT": 11, "LU": 2, "LV": 10, "MC": 4, "MQ": 1, "MV": 2, "MX": 46, "MY": 3, "NL": 132, "NO": 26, "NZ": 92, "PA": 1, "PE": 6, "PH": 1, "PL": 40, "PT": 46, "RE": 1, "RO": 6, "RS": 1, "RU": 125, "SE": 62, "SG": 5, "SI": 2, "SK": 1, "TH": 1, "TR": 21, "UA": 13, "US": 12155, "UY": 5, "VI": 2, "ZA": 10, "ZW": 1, "nan": 1}, "dist": {"IRating": {"xAxis": [0, 50, 100, 150, 200, 250, 300, 350, 400, 450, 500, 550, 600, 650, 700, 750, 800, 850, 900, 950, 1000, 1050, 1100, 1150, 1200, 1250, 1300, 1350, 1400, 1450, 1500, 1550, 1600, 1650, 1700, 1750, 1800, 1850, 1900, 1950, 2000, 2050, 2100, 2150, 2200, 2250, 2300, 2350, 2400, 2450, 2500, 2550, 2600, 2650, 2700, 2750, 2800, 2850, 2900, 2950, 3000, 3050, 3100, 3150, 3200, 3250, 3300, 3350, 3400, 3450, 3500, 3550, 3600, 3650, 3700, 3750, 3800, 3850, 3900, 3950, 4000, 4050, 4100, 4150, 4200, 4250, 4300, 4350, 4400, 4450, 4500, 4550, 4600, 4650, 4700, 4750, 4800, 4850, 4900, 4950, 5000, 5050, 5100, 5150, 5200, 5250, 5300, 5350, 5400, 5450, 5500, 5550, 5600, 5650, 5700, 5750, 5800, 5850, 5900, 5950, 6000, 6050, 6100, 6150, 6200, 6250, 6300, 6350, 6400, 6450, 6500, 6550, 6600, 6650, 6700, 6750, 6800, 6850, 6900, 6950, 7000, 7050, 7100, 7150, 7200, 7250, 7300, 7350, 7400, 7450, 7500, 7550, 7600, 7650, 7700, 7750, 7800, 7850, 7900, 7950, 8000, 8050, 8100, 8150, 8200, 8250, 8300, 8350, 8400, 8450, 8500, 8550, 8600, 8650, 8700, 8750, 8800, 8850, 8900, 8950, 9000, 9050, 9100, 9150, 9200, 9250, 9300, 9350, 9400, 9450, 9500, 9550, 9600, 9650, 9700, 9750, 9800, 9850, 9900, 9950, 10000, 10050, 10100, 10150, 10200, 10250, 10300, 10350, 10400, 10450, 10500, 10550, 10600, 10650, 10700, 10750], "D": [2, 7, 27, 36, 72, 93, 169, 222, 264, 333, 399, 492, 584, 693, 799, 796, 1023, 1120, 1330, 1470, 1847, 2166, 2716, 3405, 4441, 5295, 5975, 6011, 6140, 5163, 4287, 3015, 2304, 1591, 1228, 837, 661, 486, 393, 268, 240, 163, 165, 108, 103, 73, 67, 63, 64, 39, 42, 37, 32, 26, 26, 25, 27, 20, 15, 12, 10, 17, 14, 11, 7, 13, 6, 4, 5, 6, 5, 4, 1, 7, 2, 7, 1, 3, 4, 3, 1, 0, 1, 1, 1, 2, 0, 0, 0, 3, 2, 0, 5, 3, 1, 1, 2, 0, 1, 0, 2, 0, 0, 0, 0, 1, 1, 0, 1, 0, 0, 0, 0, 0, 0, 0, 0, 0, 0, 0, 1, 0, 0, 0, 0, 0, 0, 0, 0, 0, 0, 0, 0, 0, 0, 0, 0, 0, 0, 0, 0, 0, 0, 0, 0, 0, 0, 0, 0, 0, 0, 0, 0, 0, 0, 0, 0, 0, 0, 0, 0, 0, 0, 0, 0, 0, 0, 0, 0, 0, 0, 0, 0, 0, 0, 0, 0, 0, 0, 0, 0, 0, 0, 0, 0, 0, 0, 0, 0, 0, 0, 0, 0, 0, 0, 0, 0, 0, 0, 0, 0, 0, 0, 0, 0, 0, 0, 0, 0, 0, 0, 0, 0, 0, 0, 0], "C": [2, 3, 13, 16, 27, 49, 83, 105, 164, 225, 294, 334, 409, 405, 535, 507, 623, 729, 814, 834, 960, 1043, 1257, 1369, 1520, 1542, 1715, 1591, 1572, 1305, 1312, 1028, 921, 655, 589, 491, 438, 311, 274, 220, 201, 145, 118, 106, 95, 81, 69, 58, 58, 38, 49, 34, 22, 27, 20, 27, 17, 23, 18, 10, 20, 7, 14, 13, 15, 9, 6, 5, 6, 9, 6, 2, 5, 6, 3, 4, 5, 7, 3, 4, 4, 4, 3, 3, 4, 2, 1, 1, 0, 1, 1, 1, 2, 1, 0, 3, 1, 1, 1, 0, 0, 2, 1, 0, 0, 0, 0, 0, 1, 0, 0, 0, 0, 0, 0, 0, 0, 0, 0, 0, 0, 0, 0, 0, 0, 0, 0, 0, 0, 0, 0, 0, 0, 0, 0, 0, 0, 0, 0, 0, 0, 0, 0, 0, 0, 0, 0, 0, 0, 0, 0, 0, 0, 0, 0, 0, 0, 0, 0, 0, 0, 0, 0, 0, 0, 0, 0, 0, 0, 0, 0, 0, 0, 0, 0, 0, 0, 0, 0, 0, 0, 0, 0, 0, 0, 0, 0, 0, 0, 0, 0, 0, 0, 0, 0, 0, 0, 0, 0, 0, 0, 0, 0, 0, 0, 0, 0, 0, 0, 0, 0, 0, 0, 0, 0, 0], "B": [0, 2, 7, 16, 22, 26, 50, 78, 112, 164, 225, 272, 298, 394, 470, 528, 601, 679, 768, 849, 916, 946, 1124, 1080, 1259, 1266, 1376, 1298, 1383, 1222, 1199, 1133, 1067, 952, 854, 807, 677, 555, 563, 452, 439, 365, 332, 277, 259, 200, 209, 188, 156, 161, 136, 114, 116, 103, 94, 81, 70, 72, 64, 52, 44, 53, 39, 28, 41, 31, 27, 26, 27, 23, 21, 25, 30, 21, 25, 15, 21, 21, 8, 17, 13, 13, 11, 16, 4, 5, 6, 5, 8, 7, 12, 6, 4, 4, 2, 3, 5, 6, 7, 6, 9, 2, 2, 6, 2, 0, 3, 1, 1, 2, 3, 1, 2, 1, 1, 1, 0, 0, 2, 0, 1, 0, 0, 0, 0, 0, 0, 0, 0, 0, 0, 0, 0, 0, 0, 0, 0, 0, 0, 0, 0, 2, 0, 0, 0, 0, 0, 0, 0, 0, 0, 0, 1, 0, 0, 0, 0, 0, 0, 0, 0, 0, 0, 0, 0, 0, 0, 0, 0, 0, 0, 0, 0, 0, 0, 0, 0, 0, 0, 0, 0, 0, 0, 0, 0, 0, 0, 0, 0, 0, 0, 0, 0, 0, 0, 0, 0, 0, 0, 0, 0, 0, 0, 0, 0, 0, 0, 0, 0, 0, 0, 0, 0, 0, 0, 0], "A": [2, 3, 2, 7, 6, 6, 29, 28, 55, 54, 87, 118, 175, 213, 249, 292, 373, 441, 495, 574, 679, 738, 833, 834, 962, 1045, 1144, 1114, 1168, 1178, 1239, 1164, 1245, 1194, 1102, 1026, 1013, 972, 897, 890, 912, 854, 778, 729, 718, 645, 637, 527, 509, 482, 459, 439, 374, 349, 353, 326, 279, 277, 247, 244, 262, 257, 230, 201, 203, 188, 189, 177, 170, 152, 155, 136, 134, 127, 128, 111, 125, 107, 109, 104, 106, 103, 106, 100, 77, 79, 85, 72, 77, 60, 62, 56, 67, 51, 61, 51, 41, 55, 46, 34, 57, 40, 44, 36, 40, 38, 38, 24, 29, 25, 27, 14, 24, 28, 26, 20, 27, 19, 21, 24, 23, 15, 13, 19, 12, 18, 13, 13, 16, 7, 14, 11, 8, 10, 11, 4, 6, 3, 6, 2, 3, 6, 6, 5, 3, 5, 2, 2, 2, 1, 3, 4, 2, 6, 4, 1, 2, 1, 2, 1, 2, 2, 2, 0, 0, 1, 0, 0, 0, 1, 0, 1, 1, 1, 1, 0, 0, 0, 0, 0, 0, 0, 0, 0, 0, 0, 0, 0, 0, 0, 1, 0, 0, 0, 0, 0, 0, 0, 0, 0, 1, 0, 1, 0, 0, 0, 0, 0, 0, 0, 0, 0, 0, 0, 0, 2, 1], "P": [0, 0, 0, 0, 0, 0, 0, 0, 0, 0, 0, 0, 0, 0, 0, 0, 0, 0, 0, 0, 0, 0, 0, 0, 0, 0, 0, 0, 0, 0, 0, 0, 0, 0, 0, 0, 0, 0, 0, 0, 0, 0, 0, 0, 0, 0, 0, 0, 0, 0, 0, 0, 0, 0, 0, 1, 0, 0, 0, 0, 0, 0, 0, 0, 0, 0, 0, 0, 0, 0, 0, 0, 0, 0, 0, 0, 0, 0, 0, 0, 0, 0, 0, 0, 0, 0, 0, 0, 0, 0, 0, 0, 0, 0, 0, 0, 0, 0, 0, 0, 0, 0, 0, 0, 0, 0, 0, 0, 1, 0, 0, 0, 1, 0, 0, 0, 0, 0, 0, 0, 0, 0, 0, 1, 0, 0, 1, 0, 2, 0, 0, 0, 1, 2, 0, 1, 0, 2, 1, 2, 1, 4, 1, 1, 1, 1, 0, 0, 2, 0, 3, 1, 2, 0, 1, 1, 2, 0, 1, 0, 0, 4, 0, 0, 1, 1, 1, 0, 0, 0, 1, 0, 0, 1, 0, 0, 1, 0, 0, 0, 1, 0, 0, 0, 0, 1, 0, 1, 0, 0, 0, 0, 0, 0, 0, 0, 0, 0, 0, 0, 0, 0, 0, 0, 0, 0, 0, 0, 0, 0, 0, 0, 0, 0, 0, 0]}, "TTRating": {"xAxis": [0, 50, 100, 150, 200, 250, 300, 350, 400, 450, 500, 550, 600, 650, 700, 750, 800, 850, 900, 950, 1000, 1050, 1100, 1150, 1200, 1250, 1300, 1350, 1400, 1450, 1500, 1550, 1600, 1650, 1700, 1750, 1800, 1850, 1900, 1950, 2000, 2050, 2100, 2150, 2200, 2250, 2300, 2350, 2400, 2450, 2500, 2550, 2600, 2650, 2700, 2750, 2800, 2850, 2900, 2950, 3000, 3050, 3100, 3150, 3200, 3250, 3300], "D": [0, 0, 0, 0, 0, 0, 0, 0, 6, 3, 4, 2, 5, 6, 15, 22, 21, 50, 29, 82, 136, 255, 465, 951, 2573, 6365, 11226, 2565, 207, 49, 9, 9, 881, 2, 1, 1, 0, 1, 1, 0, 0, 0, 0, 0, 0, 0, 0, 0, 0, 0, 0, 0, 0, 0, 0, 0, 0, 0, 0, 0, 0, 0, 0, 0, 0, 0, 0], "C": [0, 0, 0, 0, 1, 0, 1, 1, 2, 3, 1, 2, 3, 12, 19, 23, 53, 51, 66, 101, 203, 306, 580, 985, 1946, 3284, 4389, 1660, 431, 160, 84, 34, 132, 8, 4, 2, 2, 2, 3, 1, 0, 0, 0, 0, 0, 0, 0, 0, 0, 0, 0, 0, 0, 0, 0, 0, 0, 0, 0, 0, 0, 0, 0, 0, 0, 0, 0],