{"racesDone": {"value": 65043, "total": 28107793}, "lapsDone": {"value": 2641003, "total": 1090347569}, "avgInc": {"value": 4.9356085328340225, "delta": -0.06371472515713972}, "avgIR": {"value": 1768, "delta": 3.4450708517445037}, "avgTT": {"value": 1255, "delta": -0.711432283208751}, "newRacers": {"value": 14954, "total": 315332, "delta": 1032}, "licenseChange": {"D": {"total": 2829, "promoted": 375, "demoted": 7}, "C": {"total": 2002, "promoted": 219, "demoted": 23}, "B": {"total": 2725, "promoted": 88, "demoted": 64}, "A": {"total": 5937, "promoted": 95, "demoted": 0}, "P": {"total": 15, "promoted": 0, "demoted": 0}}, "awards": {"IR_up": {"name": "Brad M Newman", "from": 4397, "to": 5962}, "IR_down": {"name": "Troy DeCaire", "from": 1571, "to": 728}, "SR_up": {"name": "Nelson White", "from": "B 1.51", "to": "A 4.51"}, "SR_down": {"name": "Rafael Acquesta", "from": "A 4.85", "to": "A 2.01"}}, "country": {"AD": 9, "AE": 6, "AR": 82, "AT": 24, "AU": 448, "BE": 50, "BG": 3, "BM": 1, "BN": 2, "BO": 1, "BR": 163, "BY": 8, "CA": 951, "CH": 42, "CL": 27, "CN": 1, "CO": 12, "CZ": 22, "DE": 275, "DK": 30, "DO": 1, "EE": 7, "EG": 1, "ES": 330, "FI": 41, "FR": 224, "GB": 469, "GI": 5, "GP": 1, "GR": 4, "GT": 1, "HK": 5, "HR": 5, "HU": 19, "ID": 1, "IE": 15, "IL": 4, "IN": 5, "IT": 83, "JE": 2, "JP": 54, "KR": 5, "KZ": 1, "LI": 1, "LT": 7, "LU": 4, "LV": 4, "MA": 1, "MC": 6, "MD": 1, "MQ": 1, "MT": 1, "MX": 37, "MY": 4, "NL": 120, "NO": 35, "NZ": 82, "PA": 2, "PE": 1, "PH": 4, "PL": 31, "PR": 1, "PT": 59, "PY": 1, "RE": 1, "RO": 4, "RS": 1, "RU": 76, "SE": 61, "SG": 5, "SK": 3, "TH": 2, "TR": 22, "UA": 14, "US": 10902, "UY": 7, "VI": 1, "VN": 1, "ZA": 11}, "dist": {"IRating": {"xAxis": [0, 50, 100, 150, 200, 250, 300, 350, 400, 450, 500, 550, 600, 650, 700, 750, 800, 850, 900, 950, 1000, 1050, 1100, 1150, 1200, 1250, 1300, 1350, 1400, 1450, 1500, 1550, 1600, 1650, 1700, 1750, 1800, 1850, 1900, 1950, 2000, 2050, 2100, 2150, 2200, 2250, 2300, 2350, 2400, 2450, 2500, 2550, 2600, 2650, 2700, 2750, 2800, 2850, 2900, 2950, 3000, 3050, 3100, 3150, 3200, 3250, 3300, 3350, 3400, 3450, 3500, 3550, 3600, 3650, 3700, 3750, 3800, 3850, 3900, 3950, 4000, 4050, 4100, 4150, 4200, 4250, 4300, 4350, 4400, 4450, 4500, 4550, 4600, 4650, 4700, 4750, 4800, 4850, 4900, 4950, 5000, 5050, 5100, 5150, 5200, 5250, 5300, 5350, 5400, 5450, 5500, 5550, 5600, 5650, 5700, 5750, 5800, 5850, 5900, 5950, 6000, 6050, 6100, 6150, 6200, 6250, 6300, 6350, 6400, 6450, 6500, 6550, 6600, 6650, 6700, 6750, 6800, 6850, 6900, 6950, 7000, 7050, 7100, 7150, 7200, 7250, 7300, 7350, 7400, 7450, 7500, 7550, 7600, 7650, 7700, 7750, 7800, 7850, 7900, 7950, 8000, 8050, 8100, 8150, 8200, 8250, 8300, 8350, 8400, 8450, 8500, 8550, 8600, 8650, 8700, 8750, 8800, 8850, 8900, 8950, 9000, 9050, 9100, 9150, 9200, 9250, 9300, 9350, 9400, 9450, 9500, 9550, 9600, 9650, 9700, 9750, 9800, 9850, 9900, 9950, 10000, 10050, 10100, 10150, 10200, 10250, 10300, 10350, 10400, 10450, 10500, 10550, 10600, 10650, 10700, 10750], "D": [2, 7, 28, 34, 75, 100, 165, 229, 271, 337, 411, 504, 580, 692, 785, 807, 1059, 1139, 1386, 1480, 1886, 2181, 2749, 3473, 4518, 5374, 6077, 6083, 6230, 5236, 4380, 3057, 2351, 1613, 1225, 864, 670, 493, 395, 278, 244, 167, 164, 110, 106, 78, 66, 63, 66, 38, 47, 36, 32, 26, 27, 23, 27, 22, 15, 12, 11, 16, 14, 11, 7, 12, 7, 3, 5, 8, 5, 4, 1, 7, 2, 6, 1, 3, 3, 4, 1, 1, 1, 1, 1, 2, 0, 0, 0, 3, 2, 0, 6, 2, 1, 1, 2, 0, 1, 0, 2, 0, 0, 0, 0, 1, 1, 0, 1, 0, 0, 0, 0, 0, 0, 0, 0, 0, 0, 0, 1, 0, 0, 0, 0, 0, 0, 0, 0, 0, 0, 0, 0, 0, 0, 0, 0, 0, 0, 0, 0, 0, 0, 0, 0, 0, 0, 0, 0, 0, 0, 0, 0, 0, 0, 0, 0, 0, 0, 0, 0, 0, 0, 0, 0, 0, 0, 0, 0, 0, 0, 0, 0, 0, 0, 0, 0, 0, 0, 0, 0, 0, 0, 0, 0, 0, 0, 0, 0, 0, 0, 0, 0, 0, 0, 0, 0, 0, 0, 0, 0, 0, 0, 0, 0, 0, 0, 0, 0, 0, 0, 0, 0, 0, 0, 0], "C": [1, 5, 9, 18, 28, 44, 82, 110, 168, 219, 297, 342, 427, 413, 551, 510, 621, 739, 796, 832, 964, 1062, 1269, 1378, 1536, 1542, 1731, 1603, 1569, 1305, 1308, 1046, 922, 673, 583, 521, 457, 318, 276, 234, 210, 143, 126, 116, 100, 77, 72, 63, 56, 36, 46, 39, 23, 27, 20, 28, 20, 22, 17, 12, 20, 12, 14, 11, 17, 9, 5, 9, 8, 6, 5, 2, 6, 5, 2, 4, 2, 8, 6, 2, 3, 3, 3, 2, 5, 3, 1, 1, 0, 2, 2, 1, 2, 1, 1, 3, 2, 1, 0, 1, 0, 1, 2, 0, 0, 0, 0, 0, 0, 0, 0, 0, 0, 0, 0, 0, 0, 0, 0, 0, 0, 0, 0, 0, 0, 0, 0, 0, 0, 0, 0, 0, 0, 0, 0, 0, 0, 0, 0, 0, 0, 0, 0, 0, 0, 0, 0, 0, 0, 0, 0, 0, 0, 0, 0, 0, 0, 0, 0, 0, 0, 0, 0, 0, 0, 0, 0, 0, 0, 0, 0, 0, 0, 0, 0, 0, 0, 0, 0, 0, 0, 0, 0, 0, 0, 0, 0, 0, 0, 0, 0, 0, 0, 0, 0, 0, 0, 0, 0, 0, 0, 0, 0, 0, 0, 0, 0, 0, 0, 0, 0, 0, 0, 0, 0, 0], "B": [0, 2, 8, 15, 22, 28, 58, 81, 112, 166, 224, 270, 319, 388, 476, 527, 612, 698, 758, 853, 898, 933, 1132, 1102, 1281, 1271, 1357, 1288, 1369, 1209, 1229, 1140, 1055, 943, 857, 816, 672, 555, 561, 459, 453, 361, 335, 280, 274, 217, 205, 184, 170, 162, 132, 110, 120, 102, 99, 88, 70, 68, 56, 52, 48, 48, 42, 29, 39, 30, 32, 27, 30, 26, 27, 22, 21, 27, 22, 10, 24, 20, 8, 15, 14, 20, 15, 14, 6, 8, 5, 4, 8, 6, 6, 7, 6, 3, 3, 3, 7, 7, 6, 5, 7, 2, 3, 5, 2, 1, 6, 3, 1, 1, 2, 1, 2, 1, 0, 1, 0, 0, 2, 0, 1, 0, 0, 0, 0, 0, 0, 0, 0, 0, 0, 0, 0, 0, 0, 0, 0, 0, 0, 0, 0, 2, 0, 0, 0, 0, 0, 0, 0, 1, 0, 0, 0, 0, 0, 0, 0, 0, 0, 0, 0, 0, 0, 0, 0, 0, 0, 0, 0, 0, 0, 0, 0, 0, 0, 0, 0, 0, 0, 0, 0, 0, 0, 0, 0, 0, 0, 0, 0, 0, 0, 0, 0, 0, 0, 0, 0, 0, 0, 0, 0, 0, 0, 0, 0, 0, 0, 0, 0, 0, 0, 0, 0, 0, 0, 0], "A": [2, 3, 3, 5, 8, 9, 26, 28, 59, 55, 87, 119, 170, 236, 239, 312, 367, 435, 515, 562, 681, 729, 839, 864, 942, 1022, 1159, 1109, 1194, 1159, 1253, 1169, 1218, 1182, 1148, 1033, 1023, 978, 913, 880, 908, 844, 816, 721, 708, 643, 619, 544, 511, 494, 438, 428, 390, 344, 364, 323, 291, 280, 243, 239, 267, 248, 229, 192, 212, 190, 196, 180, 177, 164, 153, 134, 145, 123, 127, 108, 123, 109, 115, 102, 98, 100, 106, 105, 78, 85, 78, 72, 74, 56, 67, 63, 63, 55, 62, 50, 41, 50, 41, 38, 58, 41, 41, 36, 36, 45, 39, 30, 24, 25, 26, 16, 26, 24, 25, 20, 27, 20, 22, 24, 19, 18, 17, 24, 12, 18, 12, 10, 15, 13, 10, 12, 12, 6, 15, 7, 3, 2, 9, 3, 3, 4, 6, 5, 3, 5, 4, 3, 1, 0, 2, 4, 4, 8, 3, 1, 2, 1, 2, 1, 2, 1, 3, 1, 0, 0, 0, 0, 0, 1, 1, 1, 1, 1, 1, 0, 0, 0, 0, 0, 0, 0, 0, 0, 0, 0, 0, 0, 0, 0, 1, 0, 0, 0, 0, 0, 0, 0, 0, 0, 1, 1, 0, 0, 0, 0, 0, 0, 0, 0, 0, 0, 0, 0, 0, 2, 1], "P": [0, 0, 0, 0, 0, 0, 0, 0, 0, 0, 0, 0, 0, 0, 0, 0, 0, 0, 0, 0, 0, 0, 0, 0, 0, 0, 0, 0, 0, 0, 0, 0, 0, 0, 0, 0, 0, 0, 0, 0, 0, 0, 0, 0, 0, 0, 0, 0, 0, 0, 0, 0, 0, 0, 0, 1, 0, 0, 0, 0, 0, 0, 0, 0, 0, 0, 0, 0, 0, 0, 0, 0, 0, 0, 0, 0, 0, 0, 0, 0, 0, 0, 0, 0, 0, 0, 0, 0, 0, 0, 0, 0, 0, 0, 0, 0, 0, 0, 0, 0, 0, 0, 0, 0, 0, 0, 0, 0, 0, 0, 0, 0, 1, 0, 0, 0, 0, 1, 0, 0, 0, 0, 0, 1, 0, 0, 1, 0, 0, 0, 2, 1, 0, 2, 0, 0, 1, 2, 0, 2, 1, 2, 2, 3, 1, 0, 0, 0, 1, 0, 2, 1, 3, 0, 2, 1, 1, 1, 0, 0, 1, 2, 0, 1, 1, 1, 1, 0, 0, 0, 0, 1, 0, 1, 0, 0, 0, 0, 1, 0, 1, 0, 0, 0, 0, 0, 0, 2, 0, 0, 0, 0, 0, 0, 0, 0, 0, 0, 0, 0, 0, 0, 0, 0, 0, 0, 0, 0, 0, 0, 0, 0, 0, 0, 0, 0]}, "TTRating": {"xAxis": [0, 50, 100, 150, 200, 250, 300, 350, 400, 450, 500, 550, 600, 650, 700, 750, 800, 850, 900, 950, 1000, 1050, 1100, 1150, 1200, 1250, 1300, 1350, 1400, 1450, 1500, 1550, 1600, 1650, 1700, 1750, 1800, 1850, 1900, 1950, 2000, 2050, 2100, 2150, 2200, 2250, 2300, 2350, 2400, 2450, 2500, 2550, 2600, 2650, 2700, 2750, 2800, 2850, 2900, 2950, 3000, 3050, 3100, 3150, 3200, 3250, 3300], "D": [0, 0, 0, 0, 0, 0, 0, 0, 6, 3, 4, 2, 5, 6, 15, 23, 22, 51, 31, 83, 140, 256, 473, 957, 2604, 6395, 11239, 2574, 210, 49, 9, 9, 884, 2, 1, 1, 0, 1, 1, 0, 0, 0, 0, 0, 0, 0, 0, 0, 0, 0, 0, 0, 0, 0, 0, 0, 0, 0, 0, 0, 0, 0, 0, 0, 0, 0, 0], "C": [0, 0, 0, 0, 1, 0, 1, 1, 2, 3, 1, 2, 3, 10, 19, 23, 53, 52, 67, 104, 201, 310, 590, 999, 1965, 3301, 4418, 1669, 431, 160, 83, 34, 131, 8, 4, 2, 2, 2, 3, 1, 0, 0, 0, 0, 0, 0, 0, 0, 0, 0, 0, 0, 0, 0, 0, 0, 0, 0, 0, 0, 0, 0, 0, 0, 0, 0, 0], "B": [0, 0, 1, 0, 0, 1, 0, 0, 2, 2, 3, 4, 10, 15, 27, 55, 69, 88, 91, 123, 263, 419, 768, 1267, 2344, 3981, 5320, 2457, 888, 409, 181, 132, 154, 37, 22, 13, 13, 2, 2, 0, 1, 1, 2, 1, 0, 0, 0, 0, 0, 0, 0, 0, 0, 0, 0, 0, 0, 0, 0, 0, 0, 0, 0, 0, 0, 0, 0],