{"racesDone": {"value": 75912, "total": 28042750}, "lapsDone": {"value": 3200638, "total": 1087706566}, "avgInc": {"value": 4.923191811978763, "delta": 0.008553196866305512}, "avgIR": {"value": 1746, "delta": 4.523624926857792}, "avgTT": {"value": 1254, "delta": 0.11611374407584663}, "newRacers": {"value": 15828, "total": 314300, "delta": 1143}, "licenseChange": {"D": {"total": 3044, "promoted": 583, "demoted": 3}, "C": {"total": 1889, "promoted": 99, "demoted": 21}, "B": {"total": 3150, "promoted": 137, "demoted": 47}, "A": {"total": 6162, "promoted": 116, "demoted": 1}, "P": {"total": 18, "promoted": 0, "demoted": 0}}, "awards": {"IR_up": {"name": "Juan Jimenez3", "from": 1803, "to": 3122}, "IR_down": {"name": "Tommy Helly", "from": 2359, "to": 1134}, "SR_up": {"name": "Ronnie Pupo", "from": "C 1.58", "to": "B 4.44"}, "SR_down": {"name": "Tony Creager", "from": "B 3.82", "to": "C 1.59"}}, "country": {"AD": 13, "AE": 5, "AR": 101, "AT": 31, "AU": 525, "BB": 1, "BE": 52, "BG": 4, "BM": 1, "BN": 1, "BO": 1, "BR": 192, "BY": 7, "CA": 985, "CH": 40, "CL": 35, "CN": 1, "CO": 17, "CR": 1, "CY": 2, "CZ": 13, "DE": 286, "DK": 29, "DO": 2, "DZ": 1, "EC": 2, "EE": 8, "EG": 1, "ER": 1, "ES": 378, "FI": 55, "FR": 204, "GB": 538, "GG": 1, "GI": 3, "GL": 1, "GP": 1, "GR": 2, "GT": 1, "HK": 5, "HR": 3, "HU": 24, "ID": 2, "IE": 18, "IL": 4, "IM": 1, "IN": 2, "IT": 88, "JE": 2, "JO": 1, "JP": 50, "KR": 6, "KZ": 1, "LT": 10, "LU": 1, "LV": 5, "MC": 7, "MD": 1, "MQ": 2, "MT": 1, "MX": 35, "MY": 2, "NL": 154, "NO": 38, "NZ": 94, "PA": 2, "PE": 4, "PH": 1, "PL": 40, "PR": 1, "PT": 63, "PY": 2, "RO": 7, "RU": 93, "SA": 3, "SE": 73, "SG": 5, "SI": 4, "SK": 5, "TH": 2, "TR": 29, "UA": 12, "US": 11363, "UY": 7, "VI": 2, "ZA": 11}, "dist": {"IRating": {"xAxis": [0, 50, 100, 150, 200, 250, 300, 350, 400, 450, 500, 550, 600, 650, 700, 750, 800, 850, 900, 950, 1000, 1050, 1100, 1150, 1200, 1250, 1300, 1350, 1400, 1450, 1500, 1550, 1600, 1650, 1700, 1750, 1800, 1850, 1900, 1950, 2000, 2050, 2100, 2150, 2200, 2250, 2300, 2350, 2400, 2450, 2500, 2550, 2600, 2650, 2700, 2750, 2800, 2850, 2900, 2950, 3000, 3050, 3100, 3150, 3200, 3250, 3300, 3350, 3400, 3450, 3500, 3550, 3600, 3650, 3700, 3750, 3800, 3850, 3900, 3950, 4000, 4050, 4100, 4150, 4200, 4250, 4300, 4350, 4400, 4450, 4500, 4550, 4600, 4650, 4700, 4750, 4800, 4850, 4900, 4950, 5000, 5050, 5100, 5150, 5200, 5250, 5300, 5350, 5400, 5450, 5500, 5550, 5600, 5650, 5700, 5750, 5800, 5850, 5900, 5950, 6000, 6050, 6100, 6150, 6200, 6250, 6300, 6350, 6400, 6450, 6500, 6550, 6600, 6650, 6700, 6750, 6800, 6850, 6900, 6950, 7000, 7050, 7100, 7150, 7200, 7250, 7300, 7350, 7400, 7450, 7500, 7550, 7600, 7650, 7700, 7750, 7800, 7850, 7900, 7950, 8000, 8050, 8100, 8150, 8200, 8250, 8300, 8350, 8400, 8450, 8500, 8550, 8600, 8650, 8700, 8750, 8800, 8850, 8900, 8950, 9000, 9050, 9100, 9150, 9200, 9250, 9300, 9350, 9400, 9450, 9500, 9550, 9600, 9650, 9700, 9750, 9800, 9850, 9900, 9950, 10000, 10050, 10100, 10150, 10200, 10250, 10300, 10350, 10400, 10450, 10500, 10550, 10600, 10650, 10700, 10750], "D": [2, 6, 29, 38, 71, 96, 166, 224, 262, 334, 408, 491, 594, 693, 793, 805, 1036, 1142, 1363, 1498, 1867, 2174, 2750, 3467, 4478, 5323, 6057, 6069, 6204, 5236, 4363, 3030, 2353, 1616, 1226, 856, 669, 494, 395, 277, 241, 169, 168, 109, 104, 74, 67, 61, 67, 38, 47, 36, 33, 27, 26, 25, 28, 20, 15, 12, 10, 16, 14, 10, 7, 13, 7, 3, 6, 7, 5, 4, 1, 7, 2, 7, 1, 3, 2, 4, 1, 1, 1, 1, 1, 2, 0, 0, 0, 3, 2, 0, 5, 3, 1, 1, 2, 0, 1, 0, 2, 0, 0, 0, 0, 1, 1, 0, 1, 0, 0, 0, 0, 0, 0, 0, 0, 0, 0, 0, 1, 0, 0, 0, 0, 0, 0, 0, 0, 0, 0, 0, 0, 0, 0, 0, 0, 0, 0, 0, 0, 0, 0, 0, 0, 0, 0, 0, 0, 0, 0, 0, 0, 0, 0, 0, 0, 0, 0, 0, 0, 0, 0, 0, 0, 0, 0, 0, 0, 0, 0, 0, 0, 0, 0, 0, 0, 0, 0, 0, 0, 0, 0, 0, 0, 0, 0, 0, 0, 0, 0, 0, 0, 0, 0, 0, 0, 0, 0, 0, 0, 0, 0, 0, 0, 0, 0, 0, 0, 0, 0, 0, 0, 0, 0, 0], "C": [1, 4, 11, 18, 27, 48, 80, 116, 166, 221, 299, 337, 417, 409, 543, 504, 621, 731, 799, 832, 981, 1061, 1252, 1359, 1514, 1528, 1733, 1616, 1569, 1293, 1299, 1057, 895, 667, 586, 511, 455, 317, 270, 221, 209, 147, 123, 114, 94, 78, 72, 59, 55, 37, 49, 37, 21, 27, 19, 27, 18, 23, 16, 10, 19, 11, 11, 11, 19, 8, 6, 7, 7, 8, 5, 4, 5, 6, 3, 6, 2, 7, 5, 3, 2, 3, 3, 2, 5, 4, 1, 1, 0, 1, 3, 1, 1, 1, 0, 3, 2, 1, 1, 0, 0, 2, 1, 0, 0, 0, 0, 0, 0, 0, 0, 0, 0, 0, 0, 0, 0, 0, 0, 0, 0, 0, 0, 0, 0, 0, 0, 0, 0, 0, 0, 0, 0, 0, 0, 0, 0, 0, 0, 0, 0, 0, 0, 0, 0, 0, 0, 0, 0, 0, 0, 0, 0, 0, 0, 0, 0, 0, 0, 0, 0, 0, 0, 0, 0, 0, 0, 0, 0, 0, 0, 0, 0, 0, 0, 0, 0, 0, 0, 0, 0, 0, 0, 0, 0, 0, 0, 0, 0, 0, 0, 0, 0, 0, 0, 0, 0, 0, 0, 0, 0, 0, 0, 0, 0, 0, 0, 0, 0, 0, 0, 0, 0, 0, 0, 0], "B": [0, 2, 8, 13, 25, 27, 54, 81, 119, 168, 216, 268, 315, 390, 485, 522, 595, 695, 758, 845, 896, 942, 1139, 1102, 1267, 1267, 1378, 1283, 1390, 1214, 1229, 1123, 1060, 944, 850, 798, 671, 561, 580, 456, 447, 359, 334, 276, 257, 222, 195, 192, 178, 160, 129, 116, 120, 99, 91, 89, 69, 71, 53, 50, 43, 50, 41, 33, 42, 29, 32, 25, 33, 28, 21, 21, 26, 24, 21, 13, 21, 20, 10, 15, 16, 13, 9, 14, 7, 7, 7, 4, 9, 7, 8, 7, 6, 4, 2, 4, 7, 8, 9, 3, 5, 3, 2, 5, 4, 1, 4, 1, 1, 1, 2, 2, 2, 1, 0, 1, 0, 0, 2, 0, 1, 0, 0, 0, 0, 0, 0, 0, 0, 0, 0, 0, 0, 0, 0, 0, 0, 0, 0, 0, 0, 2, 0, 0, 0, 0, 0, 0, 0, 1, 0, 0, 0, 0, 0, 0, 0, 0, 0, 0, 0, 0, 0, 0, 0, 0, 0, 0, 0, 0, 0, 0, 0, 0, 0, 0, 0, 0, 0, 0, 0, 0, 0, 0, 0, 0, 0, 0, 0, 0, 0, 0, 0, 0, 0, 0, 0, 0, 0, 0, 0, 0, 0, 0, 0, 0, 0, 0, 0, 0, 0, 0, 0, 0, 0, 0], "A": [2, 3, 4, 4, 7, 7, 28, 29, 59, 59, 88, 122, 167, 223, 242, 307, 378, 428, 513, 568, 678, 730, 826, 861, 956, 1010, 1151, 1128, 1176, 1159, 1259, 1170, 1233, 1176, 1128, 1034, 1019, 966, 911, 896, 896, 861, 797, 728, 716, 631, 639, 535, 511, 496, 444, 414, 380, 359, 367, 324, 281, 295, 251, 241, 256, 252, 225, 201, 215, 190, 197, 178, 175, 149, 148, 142, 135, 135, 124, 110, 122, 112, 103, 101, 109, 105, 110, 96, 83, 76, 78, 69, 79, 57, 66, 58, 62, 61, 62, 52, 37, 49, 43, 39, 56, 44, 44, 37, 44, 38, 40, 17, 32, 24, 24, 18, 21, 27, 28, 22, 27, 18, 21, 27, 14, 18, 18, 19, 16, 16, 14, 9, 13, 11, 10, 13, 14, 9, 15, 4, 2, 2, 4, 5, 4, 5, 6, 6, 5, 4, 4, 2, 0, 1, 2, 4, 4, 7, 4, 0, 2, 1, 3, 1, 1, 1, 4, 0, 0, 1, 0, 0, 0, 1, 0, 1, 1, 1, 1, 0, 0, 0, 0, 0, 0, 0, 0, 0, 0, 0, 0, 0, 0, 0, 1, 0, 0, 0, 0, 0, 0, 0, 0, 0, 1, 0, 0, 0, 1, 0, 0, 0, 0, 0, 0, 0, 0, 0, 0, 2, 1], "P": [0, 0, 0, 0, 0, 0, 0, 0, 0, 0, 0, 0, 0, 0, 0, 0, 0, 0, 0, 0, 0, 0, 0, 0, 0, 0, 0, 0, 0, 0, 0, 0, 0, 0, 0, 0, 0, 0, 0, 0, 0, 0, 0, 0, 0, 0, 0, 0, 0, 0, 0, 0, 0, 0, 0, 1, 0, 0, 0, 0, 0, 0, 0, 0, 0, 0, 0, 0, 0, 0, 0, 0, 0, 0, 0, 0, 0, 0, 0, 0, 0, 0, 0, 0, 0, 0, 0, 0, 0, 0, 0, 0, 0, 0, 0, 0, 0, 0, 0, 0, 0, 0, 0, 0, 0, 0, 0, 0, 0, 0, 0, 0, 1, 0, 1, 0, 0, 0, 0, 0, 0, 0, 0, 1, 0, 0, 0, 1, 1, 1, 0, 1, 0, 2, 0, 0, 0, 3, 1, 2, 1, 3, 2, 1, 1, 0, 0, 0, 1, 0, 2, 1, 3, 1, 1, 1, 1, 1, 0, 0, 1, 3, 0, 0, 1, 1, 1, 0, 0, 0, 0, 1, 0, 1, 0, 0, 0, 1, 0, 0, 1, 0, 0, 0, 0, 0, 0, 2, 0, 0, 0, 0, 0, 0, 0, 0, 0, 0, 0, 0, 0, 0, 0, 0, 0, 0, 0, 0, 0, 0, 0, 0, 0, 0, 0, 0]}, "TTRating": {"xAxis": [0, 50, 100, 150, 200, 250, 300, 350, 400, 450, 500, 550, 600, 650, 700, 750, 800, 850, 900, 950, 1000, 1050, 1100, 1150, 1200, 1250, 1300, 1350, 1400, 1450, 1500, 1550, 1600, 1650, 1700, 1750, 1800, 1850, 1900, 1950, 2000, 2050, 2100, 2150, 2200, 2250, 2300, 2350, 2400, 2450, 2500, 2550, 2600, 2650, 2700, 2750, 2800, 2850, 2900, 2950, 3000, 3050, 3100, 3150, 3200, 3250, 3300], "D": [0, 0, 0, 0, 0, 0, 0, 0, 6, 3, 4, 2, 5, 6, 15, 23, 21, 50, 30, 82, 137, 256, 475, 958, 2603, 6381, 11234, 2574, 210, 49, 9, 9, 882, 2, 1, 1, 0, 1, 1, 0, 0, 0, 0, 0, 0, 0, 0, 0, 0, 0, 0, 0, 0, 0, 0, 0, 0, 0, 0, 0, 0, 0, 0, 0, 0, 0, 0], "C": [0, 0, 0, 0, 1, 0, 1, 1, 2, 3, 1, 2, 3, 10, 19, 23, 53, 51, 67, 101, 204, 307, 587, 994, 1956, 3287, 4409, 1665, 431, 161, 83, 34, 132, 8, 4, 2, 2, 2, 3, 1, 0, 0, 0, 0, 0, 0, 0, 0, 0, 0, 0, 0, 0, 0, 0, 0, 0, 0, 0, 0, 0, 0, 0, 0, 0, 0, 0],