{"racesDone": {"value": 228057, "total": 34266091}, "lapsDone": {"value": 2912433, "total": 508436833}, "avgInc": {"value": 6.013453125735025, "delta": 0.021798767580807343}, "avgIR": {"value": 1720, "delta": 8.34787988142807}, "avgTT": {"value": 1354, "delta": 2.0210784313726435}, "newRacers": {"value": 42518, "total": 407423, "delta": 2038}, "licenseChange": {"D": {"total": 9816, "promoted": 1140, "demoted": 19}, "C": {"total": 7477, "promoted": 637, "demoted": 70}, "B": {"total": 9323, "promoted": 488, "demoted": 199}, "A": {"total": 13323, "promoted": 356, "demoted": 1}, "P": {"total": 7, "promoted": 0, "demoted": 0}}, "awards": {"IR_up": {"name": "Emiliano B Zuzuarregui", "from": 1187, "to": 2740}, "IR_down": {"name": "Mathieu Detry", "from": 5399, "to": 4202}, "SR_up": {"name": "Peter Huston", "from": "B 1.59", "to": "A 4.99"}, "SR_down": {"name": "Kevin Budgen", "from": "B 4.43", "to": "D 1.62"}}, "country": {"AD": 120, "AE": 43, "AF": 1, "AG": 3, "AI": 1, "AM": 4, "AN": 2, "AR": 636, "AS": 1, "AT": 368, "AU": 2725, "AZ": 3, "BA": 6, "BB": 2, "BE": 585, "BG": 35, "BH": 3, "BL": 1, "BN": 3, "BO": 4, "BR": 1153, "BS": 3, "BW": 1, "BY": 16, "CA": 2268, "CH": 385, "CL": 188, "CN": 80, "CO": 92, "CR": 27, "CY": 9, "CZ": 201, "DE": 2959, "DK": 484, "DO": 16, "DZ": 6, "EC": 13, "EE": 37, "EG": 6, "ES": 3352, "FI": 477, "FO": 2, "FR": 1937, "GB": 4107, "GD": 1, "GE": 1, "GF": 1, "GG": 7, "GI": 28, "GL": 1, "GP": 1, "GR": 50, "GT": 7, "HK": 82, "HN": 1, "HR": 50, "HU": 215, "ID": 27, "IE": 172, "IL": 38, "IM": 7, "IN": 40, "IS": 9, "IT": 932, "JE": 11, "JM": 2, "JO": 1, "JP": 552, "KH": 1, "KR": 146, "KW": 5, "KY": 1, "KZ": 1, "LB": 5, "LI": 3, "LK": 1, "LT": 72, "LU": 48, "LV": 25, "MA": 6, "MC": 28, "MD": 4, "ME": 2, "MK": 4, "MO": 9, "MT": 19, "MU": 1, "MV": 3, "MX": 219, "MY": 51, "NC": 4, "NL": 1511, "NO": 353, "NZ": 356, "OM": 1, "PA": 6, "PE": 27, "PH": 24, "PK": 2, "PL": 406, "PR": 14, "PT": 490, "PY": 2, "QA": 9, "RE": 8, "RO": 81, "RS": 14, "RU": 257, "SA": 14, "SC": 1, "SE": 424, "SG": 54, "SI": 33, "SK": 52, "SM": 4, "SV": 2, "SZ": 3, "TH": 32, "TK": 1, "TN": 2, "TR": 421, "TT": 5, "TW": 12, "UA": 65, "US": 12344, "UY": 53, "VA": 1, "VE": 4, "VG": 2, "VI": 14, "VN": 4, "ZA": 147, "ZM": 1, "ZW": 2, "nan": 1}, "dist": {"IRating": {"xAxis": [0, 50, 100, 150, 200, 250, 300, 350, 400, 450, 500, 550, 600, 650, 700, 750, 800, 850, 900, 950, 1000, 1050, 1100, 1150, 1200, 1250, 1300, 1350, 1400, 1450, 1500, 1550, 1600, 1650, 1700, 1750, 1800, 1850, 1900, 1950, 2000, 2050, 2100, 2150, 2200, 2250, 2300, 2350, 2400, 2450, 2500, 2550, 2600, 2650, 2700, 2750, 2800, 2850, 2900, 2950, 3000, 3050, 3100, 3150, 3200, 3250, 3300, 3350, 3400, 3450, 3500, 3550, 3600, 3650, 3700, 3750, 3800, 3850, 3900, 3950, 4000, 4050, 4100, 4150, 4200, 4250, 4300, 4350, 4400, 4450, 4500, 4550, 4600, 4650, 4700, 4750, 4800, 4850, 4900, 4950, 5000, 5050, 5100, 5150, 5200, 5250, 5300, 5350, 5400, 5450, 5500, 5550, 5600, 5650, 5700, 5750, 5800, 5850, 5900, 5950, 6000, 6050, 6100, 6150, 6200, 6250, 6300, 6350, 6400, 6450, 6500, 6550, 6600, 6650, 6700, 6750, 6800, 6850, 6900, 6950, 7000, 7050, 7100, 7150, 7200, 7250, 7300, 7350, 7400, 7450, 7500, 7550, 7600, 7650, 7700, 7750, 7800, 7850, 7900, 7950, 8000, 8050, 8100, 8150, 8200, 8250, 8300, 8350, 8400, 8450, 8500, 8550, 8600, 8650, 8700, 8750, 8800, 8850, 8900, 8950, 9000, 9050, 9100, 9150, 9200, 9250, 9300, 9350, 9400, 9450, 9500, 9550, 9600, 9650, 9700, 9750, 9800, 9850, 9900, 9950, 10000, 10050, 10100, 10150, 10200, 10250, 10300, 10350, 10400, 10450, 10500, 10550, 10600, 10650, 10700, 10750, 10800, 10850, 10900, 10950, 11000], "D": [19, 54, 148, 225, 347, 498, 608, 711, 905, 1076, 1227, 1304, 1521, 1737, 1896, 2086, 2424, 2572, 3130, 3327, 4089, 4507, 5623, 6745, 8183, 8638, 8766, 7476, 6610, 5092, 3994, 2940, 2291, 1574, 1194, 816, 640, 486, 345, 267, 211, 171, 158, 106, 85, 84, 72, 57, 55, 43, 36, 24, 32, 23, 23, 19, 16, 17, 8, 12, 9, 10, 12, 7, 18, 7, 8, 7, 7, 6, 2, 3, 6, 1, 3, 4, 2, 4, 4, 3, 1, 1, 2, 5, 0, 1, 2, 0, 3, 2, 1, 1, 0, 1, 0, 1, 1, 1, 2, 1, 0, 1, 2, 0, 0, 1, 0, 0, 0, 1, 0, 1, 0, 1, 0, 0, 0, 0, 0, 0, 0, 1, 0, 0, 0, 0, 0, 0, 0, 0, 0, 0, 0, 0, 0, 0, 0, 0, 0, 0, 0, 0, 0, 0, 0, 0, 0, 0, 0, 0, 0, 0, 0, 0, 0, 0, 0, 0, 0, 0, 0, 0, 0, 0, 0, 0, 0, 0, 0, 0, 0, 0, 0, 0, 0, 0, 0, 0, 0, 0, 0, 0, 0, 0, 0, 0, 0, 0, 0, 0, 0, 0, 0, 0, 0, 0, 0, 0, 0, 0, 0, 0, 0, 0, 0, 0, 0, 0, 0, 0, 0, 0, 0, 0, 0, 0, 0, 0, 0, 0, 0], "C": [0, 17, 20, 49, 78, 124, 175, 250, 348, 409, 590, 726, 811, 939, 1118, 1282, 1434, 1474, 1787, 2005, 2233, 2372, 2778, 2883, 3445, 3470, 3561, 3186, 2948, 2543, 2412, 2029, 1666, 1366, 1161, 947, 880, 625, 572, 450, 450, 331, 306, 275, 240, 212, 177, 165, 125, 115, 102, 85, 87, 64, 72, 80, 68, 46, 57, 42, 47, 45, 43, 34, 25, 24, 27, 39, 23, 25, 26, 19, 19, 24, 21, 23, 17, 20, 14, 11, 18, 13, 13, 7, 9, 9, 10, 9, 5, 7, 8, 7, 5, 9, 5, 3, 2, 2, 5, 4, 6, 6, 3, 3, 6, 1, 2, 1, 1, 4, 2, 2, 1, 2, 0, 0, 1, 5, 0, 2, 2, 1, 2, 1, 1, 0, 1, 1, 3, 2, 0, 0, 0, 0, 0, 0, 0, 0, 0, 1, 0, 1, 0, 0, 0, 0, 0, 0, 0, 0, 0, 0, 0, 0, 0, 0, 0, 0, 0, 0, 1, 0, 0, 0, 0, 0, 0, 0, 0, 0, 0, 0, 0, 0, 0, 0, 0, 0, 0, 0, 0, 0, 0, 0, 0, 0, 0, 0, 0, 0, 0, 0, 0, 0, 0, 0, 0, 0, 0, 0, 0, 0, 0, 0, 0, 0, 0, 0, 0, 0, 0, 0, 0, 0, 0, 0, 0, 0, 0, 0, 0], "B": [2, 2, 9, 10, 19, 33, 55, 82, 122, 145, 193, 244, 368, 410, 500, 565, 703, 796, 890, 1025, 1235, 1289, 1511, 1695, 1957, 2012, 2141, 2070, 2156, 1819, 1895, 1669, 1695, 1390, 1317, 1143, 1051, 878, 880, 729, 664, 610, 576, 533, 462, 381, 418, 334, 305, 281, 258, 241, 237, 192, 192, 181, 165, 170, 127, 138, 121, 113, 120, 110, 112, 89, 93, 89, 70, 86, 90, 66, 69, 65, 54, 54, 56, 52, 65, 49, 38, 34, 44, 31, 40, 33, 31, 32, 31, 22, 39, 21, 16, 24, 18, 18, 13, 14, 24, 9, 14, 13, 21, 13, 11, 12, 12, 9, 6, 12, 15, 12, 10, 5, 11, 9, 10, 11, 5, 5, 8, 7, 6, 10, 4, 5, 7, 1, 2, 4, 6, 2, 3, 7, 6, 2, 7, 2, 1, 2, 2, 4, 7, 1, 4, 1, 4, 1, 1, 3, 2, 1, 0, 0, 1, 2, 1, 0, 0, 1, 1, 1, 1, 0, 1, 0, 0, 0, 0, 0, 0, 0, 0, 0, 0, 1, 0, 0, 0, 0, 2, 0, 0, 0, 0, 0, 1, 0, 0, 0, 0, 0, 0, 0, 0, 0, 0, 0, 0, 0, 0, 0, 0, 0, 0, 0, 0, 0, 0, 0, 0, 0, 0, 0, 0, 0, 0, 0, 0, 0, 0], "A": [1, 1, 0, 5, 8, 10, 17, 28, 39, 60, 69, 104, 148, 158, 220, 285, 309, 359, 441, 502, 697, 732, 847, 951, 1191, 1146, 1372, 1382, 1489, 1556, 1593, 1431, 1530, 1488, 1473, 1354, 1330, 1147, 1196, 1112, 1176, 1128, 1080, 873, 902, 827, 876, 677, 696, 662, 585, 526, 547, 476, 434, 431, 440, 396, 378, 314, 367, 337, 326, 297, 286, 275, 268, 240, 252, 203, 213, 190, 205, 177, 158, 152, 160, 138, 159, 123, 147, 128, 156, 137, 116, 104, 99, 103, 93, 84, 88, 101, 82, 88, 77, 66, 63, 67, 65, 54, 94, 74, 65, 87, 65, 57, 56, 44, 67, 51, 45, 45, 27, 37, 47, 34, 29, 34, 20, 22, 54, 44, 38, 37, 21, 22, 33, 17, 17, 19, 25, 29, 24, 17, 26, 19, 20, 12, 10, 15, 22, 20, 29, 20, 20, 16, 13, 14, 15, 11, 10, 6, 11, 8, 11, 2, 8, 6, 6, 4, 18, 12, 7, 7, 5, 8, 7, 6, 4, 6, 3, 6, 1, 1, 2, 4, 1, 1, 1, 0, 6, 2, 1, 1, 3, 0, 4, 1, 1, 2, 3, 1, 2, 2, 1, 0, 0, 0, 0, 0, 1, 0, 0, 0, 0, 0, 0, 0, 0, 0, 0, 0, 0, 0, 0, 0, 0, 0, 0, 0, 0], "P": [0, 0, 0, 0, 0, 0, 0, 0, 0, 0, 0, 0, 0, 0, 0, 0, 0, 0, 0, 0, 0, 0, 0, 0, 0, 0, 0, 0, 0, 0, 0, 0, 0, 0, 0, 0, 0, 0, 0, 0, 0, 0, 0, 0, 0, 0, 0, 0, 0, 0, 0, 0, 0, 0, 0, 0, 0, 0, 0, 0, 0, 0, 0, 0, 0, 0, 0, 0, 0, 0, 0, 0, 0, 0, 0, 0, 0, 0, 0, 0, 0, 0, 0, 0, 0, 0, 1, 0, 0, 0, 0, 0, 0, 0, 1, 0, 1, 1, 0, 0, 0, 0, 1, 0, 1, 0, 0, 0, 0, 0, 0, 0, 0, 0, 0, 0, 2, 0, 0, 0, 0, 0, 0, 1, 0, 0, 0, 1, 0, 1, 1, 0, 0, 0, 0, 0, 0, 0, 0, 1, 1, 2, 0, 2, 0, 0, 1, 0, 0, 1, 2, 1, 0, 0, 0, 0, 1, 2, 0, 0, 3, 1, 1, 1, 4, 2, 2, 1, 1, 0, 4, 0, 1, 0, 0, 0, 1, 1, 0, 0, 0, 0, 1, 2, 1, 0, 3, 2, 0, 2, 0, 0, 0, 0, 0, 0, 0, 1, 0, 0, 1, 0, 0, 0, 0, 0, 0, 0, 0, 0, 0, 0, 0, 0, 0, 0, 0, 0, 0, 0, 0, 1]},