{"racesDone": {"value": 225002, "total": 34997054}, "lapsDone": {"value": 3167753, "total": 519613758}, "avgInc": {"value": 5.9813490136571, "delta": -0.03846459281743719}, "avgIR": {"value": 1719, "delta": 8.145724234365161}, "avgTT": {"value": 1356, "delta": 2.103267446551172}, "newRacers": {"value": 39540, "total": 412986, "delta": 1745}, "licenseChange": {"D": {"total": 9358, "promoted": 764, "demoted": 42}, "C": {"total": 7041, "promoted": 337, "demoted": 109}, "B": {"total": 8463, "promoted": 360, "demoted": 260}, "A": {"total": 12366, "promoted": 439, "demoted": 1}, "P": {"total": 17, "promoted": 0, "demoted": 0}}, "awards": {"IR_up": {"name": "Sam Mcbride", "from": 1907, "to": 3763}, "IR_down": {"name": "Cyril Deforge", "from": 5488, "to": 4372}, "SR_up": {"name": "Eddy Turk", "from": "R 2.78", "to": "A 3.77"}, "SR_down": {"name": "Chang Mun Ryu", "from": "A 4.32", "to": "C 1.90"}}, "country": {"AD": 113, "AE": 45, "AF": 1, "AG": 1, "AI": 1, "AL": 1, "AM": 3, "AN": 2, "AR": 655, "AS": 1, "AT": 360, "AU": 2480, "AW": 2, "AX": 3, "AZ": 3, "BA": 5, "BB": 3, "BE": 569, "BG": 32, "BH": 4, "BJ": 1, "BM": 1, "BN": 3, "BO": 5, "BR": 1129, "BS": 1, "BW": 1, "BY": 6, "CA": 1995, "CH": 359, "CL": 187, "CN": 68, "CO": 77, "CR": 24, "CY": 7, "CZ": 208, "DE": 2780, "DK": 469, "DO": 20, "DZ": 5, "EC": 12, "EE": 43, "EG": 6, "ES": 2988, "FI": 452, "FO": 2, "FR": 1815, "GB": 3683, "GF": 1, "GG": 6, "GI": 30, "GL": 2, "GP": 2, "GR": 41, "GT": 7, "HK": 89, "HN": 1, "HR": 44, "HU": 221, "ID": 21, "IE": 163, "IL": 46, "IM": 2, "IN": 38, "IS": 9, "IT": 943, "JE": 5, "JO": 2, "JP": 549, "KR": 171, "KW": 4, "KY": 3, "KZ": 5, "LB": 4, "LI": 2, "LK": 2, "LT": 64, "LU": 45, "LV": 23, "MA": 8, "MC": 34, "MD": 4, "ME": 1, "MK": 5, "MO": 9, "MQ": 1, "MT": 15, "MU": 1, "MV": 3, "MX": 224, "MY": 51, "NC": 4, "NL": 1421, "NO": 310, "NZ": 406, "OM": 1, "PA": 8, "PE": 34, "PH": 17, "PK": 1, "PL": 379, "PN": 1, "PR": 12, "PT": 489, "PY": 1, "QA": 9, "RE": 6, "RO": 69, "RS": 13, "RU": 276, "SA": 13, "SC": 1, "SE": 357, "SG": 58, "SI": 39, "SK": 71, "SM": 3, "SV": 2, "SZ": 3, "TC": 1, "TH": 33, "TM": 1, "TN": 2, "TR": 383, "TT": 4, "TW": 11, "UA": 61, "US": 11318, "UY": 52, "VE": 1, "VG": 2, "VI": 9, "VN": 5, "ZA": 119, "ZM": 1, "ZW": 1}, "dist": {"IRating": {"xAxis": [0, 50, 100, 150, 200, 250, 300, 350, 400, 450, 500, 550, 600, 650, 700, 750, 800, 850, 900, 950, 1000, 1050, 1100, 1150, 1200, 1250, 1300, 1350, 1400, 1450, 1500, 1550, 1600, 1650, 1700, 1750, 1800, 1850, 1900, 1950, 2000, 2050, 2100, 2150, 2200, 2250, 2300, 2350, 2400, 2450, 2500, 2550, 2600, 2650, 2700, 2750, 2800, 2850, 2900, 2950, 3000, 3050, 3100, 3150, 3200, 3250, 3300, 3350, 3400, 3450, 3500, 3550, 3600, 3650, 3700, 3750, 3800, 3850, 3900, 3950, 4000, 4050, 4100, 4150, 4200, 4250, 4300, 4350, 4400, 4450, 4500, 4550, 4600, 4650, 4700, 4750, 4800, 4850, 4900, 4950, 5000, 5050, 5100, 5150, 5200, 5250, 5300, 5350, 5400, 5450, 5500, 5550, 5600, 5650, 5700, 5750, 5800, 5850, 5900, 5950, 6000, 6050, 6100, 6150, 6200, 6250, 6300, 6350, 6400, 6450, 6500, 6550, 6600, 6650, 6700, 6750, 6800, 6850, 6900, 6950, 7000, 7050, 7100, 7150, 7200, 7250, 7300, 7350, 7400, 7450, 7500, 7550, 7600, 7650, 7700, 7750, 7800, 7850, 7900, 7950, 8000, 8050, 8100, 8150, 8200, 8250, 8300, 8350, 8400, 8450, 8500, 8550, 8600, 8650, 8700, 8750, 8800, 8850, 8900, 8950, 9000, 9050, 9100, 9150, 9200, 9250, 9300, 9350, 9400, 9450, 9500, 9550, 9600, 9650, 9700, 9750, 9800, 9850, 9900, 9950, 10000, 10050, 10100, 10150, 10200, 10250, 10300, 10350, 10400, 10450, 10500, 10550, 10600, 10650, 10700, 10750, 10800, 10850, 10900, 10950], "D": [24, 66, 151, 236, 365, 498, 653, 708, 933, 1095, 1233, 1348, 1586, 1746, 1975, 2128, 2489, 2638, 3247, 3479, 4216, 4582, 5814, 6876, 8421, 8696, 8902, 7636, 6729, 5121, 4099, 2958, 2350, 1598, 1196, 839, 650, 483, 366, 288, 219, 172, 167, 122, 101, 84, 74, 52, 60, 38, 29, 28, 32, 22, 31, 20, 12, 18, 7, 15, 11, 11, 11, 6, 11, 10, 11, 8, 7, 6, 5, 4, 4, 1, 2, 3, 2, 4, 4, 2, 0, 1, 3, 5, 0, 2, 2, 0, 3, 2, 1, 1, 0, 0, 1, 1, 1, 0, 2, 1, 1, 0, 2, 0, 0, 1, 0, 1, 0, 1, 0, 1, 0, 0, 0, 0, 0, 0, 0, 0, 0, 2, 0, 0, 0, 0, 0, 0, 0, 0, 0, 0, 0, 0, 0, 0, 0, 0, 0, 0, 0, 0, 0, 0, 0, 0, 0, 0, 0, 0, 0, 0, 0, 0, 0, 0, 0, 0, 0, 0, 0, 0, 0, 0, 0, 0, 0, 0, 0, 0, 0, 0, 0, 0, 0, 0, 0, 0, 0, 0, 0, 0, 0, 0, 0, 0, 0, 0, 0, 0, 0, 0, 0, 0, 0, 0, 0, 0, 0, 0, 0, 0, 0, 0, 0, 0, 0, 0, 0, 0, 0, 0, 0, 0, 0, 0, 0, 0, 0, 0], "C": [0, 11, 29, 42, 87, 133, 185, 272, 359, 413, 598, 721, 777, 921, 1128, 1300, 1457, 1508, 1769, 2003, 2224, 2400, 2741, 2957, 3479, 3505, 3562, 3165, 2979, 2588, 2405, 2046, 1691, 1365, 1204, 936, 879, 623, 611, 451, 445, 333, 316, 270, 250, 216, 180, 158, 130, 108, 102, 91, 84, 72, 79, 72, 57, 44, 53, 45, 38, 43, 37, 31, 26, 26, 28, 36, 20, 26, 31, 16, 18, 21, 26, 17, 15, 14, 15, 17, 15, 10, 9, 4, 12, 8, 9, 11, 6, 6, 9, 1, 9, 12, 6, 3, 2, 3, 4, 2, 3, 6, 6, 3, 6, 2, 3, 3, 3, 3, 1, 0, 3, 2, 0, 0, 2, 4, 1, 1, 2, 1, 1, 2, 1, 0, 1, 1, 2, 1, 0, 0, 0, 0, 0, 0, 0, 0, 0, 1, 1, 0, 0, 0, 1, 0, 0, 0, 0, 0, 0, 0, 0, 0, 0, 0, 0, 0, 0, 0, 1, 0, 0, 0, 0, 0, 0, 0, 0, 0, 0, 0, 0, 0, 0, 0, 0, 0, 0, 0, 0, 0, 0, 0, 0, 0, 0, 0, 0, 0, 0, 0, 0, 0, 0, 0, 0, 0, 0, 0, 0, 0, 0, 0, 0, 0, 0, 0, 0, 0, 0, 0, 0, 0, 0, 0, 0, 0, 0, 0], "B": [2, 4, 7, 15, 17, 31, 58, 91, 121, 145, 212, 248, 368, 425, 509, 582, 736, 798, 899, 1029, 1244, 1279, 1485, 1711, 1958, 2033, 2164, 2046, 2139, 1829, 1919, 1691, 1663, 1379, 1307, 1156, 1064, 898, 864, 722, 648, 615, 582, 504, 505, 374, 400, 336, 326, 264, 256, 234, 235, 194, 195, 165, 164, 164, 142, 131, 121, 111, 121, 103, 106, 89, 82, 94, 76, 76, 85, 76, 67, 61, 60, 57, 44, 45, 50, 48, 39, 40, 50, 36, 39, 32, 29, 33, 29, 29, 27, 24, 27, 26, 22, 17, 12, 13, 12, 11, 16, 14, 16, 12, 18, 14, 11, 12, 12, 15, 11, 9, 9, 6, 5, 6, 8, 13, 4, 5, 13, 4, 4, 8, 7, 4, 4, 5, 5, 3, 4, 2, 5, 7, 4, 2, 4, 4, 2, 6, 1, 0, 3, 2, 5, 1, 3, 1, 0, 2, 1, 2, 1, 2, 0, 0, 1, 0, 0, 1, 0, 4, 0, 0, 0, 0, 0, 0, 0, 0, 0, 0, 0, 1, 0, 1, 0, 0, 0, 0, 1, 1, 0, 0, 1, 0, 0, 0, 0, 0, 0, 0, 0, 0, 0, 1, 0, 0, 0, 0, 0, 0, 0, 0, 0, 0, 0, 0, 0, 0, 0, 0, 0, 0, 0, 0, 0, 0, 0, 0], "A": [1, 1, 2, 3, 8, 15, 25, 25, 43, 64, 66, 116, 160, 159, 225, 266, 346, 386, 449, 560, 706, 711, 915, 957, 1227, 1210, 1371, 1448, 1513, 1524, 1658, 1503, 1595, 1512, 1474, 1382, 1406, 1173, 1273, 1180, 1216, 1129, 1092, 958, 914, 837, 878, 705, 723, 674, 624, 558, 541, 518, 459, 446, 446, 380, 395, 327, 356, 356, 329, 302, 272, 290, 296, 295, 235, 222, 213, 211, 205, 168, 168, 182, 165, 136, 143, 125, 163, 137, 151, 122, 108, 126, 116, 113, 98, 77, 94, 104, 94, 74, 82, 77, 62, 64, 67, 53, 97, 75, 77, 80, 69, 63, 46, 51, 59, 53, 56, 39, 24, 37, 42, 44, 36, 27, 21, 33, 44, 42, 39, 35, 21, 30, 24, 25, 17, 24, 30, 25, 20, 18, 28, 21, 19, 11, 16, 12, 22, 27, 22, 21, 22, 17, 18, 12, 10, 11, 14, 7, 11, 12, 10, 7, 4, 6, 5, 5, 17, 13, 10, 8, 5, 6, 7, 2, 6, 4, 5, 8, 3, 3, 1, 4, 0, 1, 1, 0, 5, 2, 2, 2, 1, 3, 2, 4, 0, 4, 3, 0, 0, 2, 2, 0, 0, 1, 0, 0, 2, 0, 0, 0, 0, 0, 0, 0, 0, 0, 0, 0, 0, 0, 0, 0, 0, 0, 0, 0], "P": [0, 0, 0, 0, 0, 0, 0, 0, 0, 0, 0, 0, 0, 0, 0, 0, 0, 0, 0, 0, 0, 0, 0, 0, 0, 0, 0, 0, 0, 0, 0, 0, 0, 0, 0, 0, 0, 0, 0, 0, 0, 0, 0, 0, 0, 0, 0, 0, 0, 0, 0, 0, 0, 0, 0, 0, 0, 0, 0, 0, 0, 0, 0, 0, 0, 0, 0, 0, 0, 0, 0, 0, 0, 0, 0, 0, 0, 0, 0, 0, 0, 0, 0, 0, 0, 0, 1, 0, 0, 0, 0, 0, 0, 0, 1, 0, 1, 1, 0, 0, 0, 0, 1, 0, 1, 0, 0, 0, 0, 0, 0, 0, 0, 0, 0, 0, 2, 0, 0, 0, 0, 0, 0, 1, 0, 0, 0, 1, 0, 1, 1, 0, 0, 0, 0, 0, 1, 0, 0, 0, 1, 2, 2, 0, 0, 0, 1, 1, 0, 1, 2, 1, 0, 0, 1, 0, 1, 1, 0, 1, 1, 1, 1, 1, 2, 2, 6, 1, 2, 0, 2, 0, 1, 0, 0, 1, 1, 1, 0, 0, 0, 0, 0, 1, 1, 2, 2, 3, 0, 0, 0, 0, 0, 1, 0, 0, 0, 0, 0, 0, 0, 0, 0, 0, 0, 0, 0, 0, 0, 0, 0, 0, 0, 0, 0, 0, 0, 0, 0, 0, 1]},