{"racesDone": {"value": 241780, "total": 34772052}, "lapsDone": {"value": 2787099, "total": 516446005}, "avgInc": {"value": 5.9939797739442175, "delta": 0.02656870910177833}, "avgIR": {"value": 1702, "delta": 6.13549686432475}, "avgTT": {"value": 1354, "delta": 2.1708923688790946}, "newRacers": {"value": 42025, "total": 411241, "delta": 1739}, "licenseChange": {"D": {"total": 9363, "promoted": 656, "demoted": 18}, "C": {"total": 7645, "promoted": 601, "demoted": 109}, "B": {"total": 9327, "promoted": 426, "demoted": 285}, "A": {"total": 13556, "promoted": 463, "demoted": 0}, "P": {"total": 6, "promoted": 1, "demoted": 0}}, "awards": {"IR_up": {"name": "Ernie ingratta", "from": 1930, "to": 3553}, "IR_down": {"name": "Nicholas Cortinovis", "from": 4538, "to": 1408}, "SR_up": {"name": "Devon Mcallister", "from": "R 2.84", "to": "B 4.47"}, "SR_down": {"name": "Sergey Malanin", "from": "B 4.69", "to": "D 1.60"}}, "country": {"AD": 121, "AE": 42, "AF": 1, "AG": 2, "AI": 2, "AM": 4, "AN": 2, "AR": 714, "AS": 1, "AT": 394, "AU": 2674, "AW": 2, "AX": 1, "AZ": 2, "BA": 7, "BB": 5, "BE": 608, "BG": 38, "BH": 4, "BL": 1, "BM": 1, "BN": 2, "BO": 6, "BR": 1209, "BS": 1, "BY": 12, "CA": 2140, "CH": 381, "CL": 209, "CN": 77, "CO": 83, "CR": 23, "CY": 4, "CZ": 218, "DE": 3134, "DK": 476, "DO": 23, "DZ": 5, "EC": 13, "EE": 41, "EG": 5, "ES": 3219, "FI": 499, "FO": 2, "FR": 1934, "GB": 3967, "GF": 1, "GG": 6, "GI": 33, "GL": 2, "GP": 2, "GR": 44, "GT": 6, "HK": 94, "HN": 2, "HR": 48, "HU": 236, "ID": 21, "IE": 167, "IL": 40, "IM": 5, "IN": 46, "IS": 10, "IT": 973, "JE": 7, "JO": 2, "JP": 549, "KR": 141, "KW": 4, "KY": 2, "KZ": 3, "LB": 4, "LI": 3, "LK": 3, "LT": 69, "LU": 47, "LV": 25, "MA": 7, "MC": 35, "MD": 3, "ME": 1, "MK": 6, "MO": 8, "MQ": 1, "MT": 20, "MV": 4, "MX": 236, "MY": 51, "NC": 4, "NL": 1472, "NO": 346, "NZ": 394, "PA": 7, "PE": 33, "PH": 20, "PK": 1, "PL": 418, "PN": 1, "PR": 12, "PT": 500, "PY": 2, "QA": 9, "RE": 9, "RO": 87, "RS": 14, "RU": 263, "SA": 8, "SC": 1, "SE": 447, "SG": 60, "SI": 31, "SK": 71, "SM": 5, "SV": 3, "SZ": 4, "TH": 34, "TN": 1, "TR": 431, "TT": 5, "TW": 13, "UA": 62, "US": 11755, "UY": 60, "VA": 1, "VE": 2, "VG": 2, "VI": 17, "VN": 7, "ZA": 134, "ZW": 2, "nan": 1}, "dist": {"IRating": {"xAxis": [0, 50, 100, 150, 200, 250, 300, 350, 400, 450, 500, 550, 600, 650, 700, 750, 800, 850, 900, 950, 1000, 1050, 1100, 1150, 1200, 1250, 1300, 1350, 1400, 1450, 1500, 1550, 1600, 1650, 1700, 1750, 1800, 1850, 1900, 1950, 2000, 2050, 2100, 2150, 2200, 2250, 2300, 2350, 2400, 2450, 2500, 2550, 2600, 2650, 2700, 2750, 2800, 2850, 2900, 2950, 3000, 3050, 3100, 3150, 3200, 3250, 3300, 3350, 3400, 3450, 3500, 3550, 3600, 3650, 3700, 3750, 3800, 3850, 3900, 3950, 4000, 4050, 4100, 4150, 4200, 4250, 4300, 4350, 4400, 4450, 4500, 4550, 4600, 4650, 4700, 4750, 4800, 4850, 4900, 4950, 5000, 5050, 5100, 5150, 5200, 5250, 5300, 5350, 5400, 5450, 5500, 5550, 5600, 5650, 5700, 5750, 5800, 5850, 5900, 5950, 6000, 6050, 6100, 6150, 6200, 6250, 6300, 6350, 6400, 6450, 6500, 6550, 6600, 6650, 6700, 6750, 6800, 6850, 6900, 6950, 7000, 7050, 7100, 7150, 7200, 7250, 7300, 7350, 7400, 7450, 7500, 7550, 7600, 7650, 7700, 7750, 7800, 7850, 7900, 7950, 8000, 8050, 8100, 8150, 8200, 8250, 8300, 8350, 8400, 8450, 8500, 8550, 8600, 8650, 8700, 8750, 8800, 8850, 8900, 8950, 9000, 9050, 9100, 9150, 9200, 9250, 9300, 9350, 9400, 9450, 9500, 9550, 9600, 9650, 9700, 9750, 9800, 9850, 9900, 9950, 10000, 10050, 10100, 10150, 10200, 10250, 10300, 10350, 10400, 10450, 10500, 10550, 10600, 10650, 10700, 10750, 10800, 10850, 10900, 10950], "D": [24, 60, 156, 230, 351, 495, 629, 713, 939, 1089, 1235, 1328, 1564, 1731, 1942, 2107, 2478, 2622, 3234, 3438, 4206, 4524, 5742, 6829, 8329, 8685, 8874, 7572, 6683, 5082, 4068, 2983, 2296, 1555, 1190, 822, 646, 488, 359, 279, 202, 176, 164, 110, 85, 87, 78, 49, 55, 40, 34, 26, 30, 23, 25, 22, 13, 18, 9, 15, 8, 12, 11, 5, 12, 11, 8, 9, 8, 6, 3, 2, 5, 1, 4, 3, 1, 5, 4, 2, 0, 1, 2, 5, 0, 2, 1, 0, 4, 2, 1, 1, 0, 1, 1, 1, 1, 0, 2, 1, 0, 0, 2, 0, 1, 1, 0, 0, 0, 1, 0, 1, 0, 0, 0, 0, 0, 1, 0, 0, 0, 1, 0, 0, 0, 0, 0, 0, 0, 0, 0, 0, 0, 0, 0, 0, 0, 0, 0, 0, 0, 0, 0, 0, 0, 0, 0, 0, 0, 0, 0, 0, 0, 0, 0, 0, 0, 0, 0, 0, 0, 0, 0, 0, 0, 0, 0, 0, 0, 0, 0, 0, 0, 0, 0, 0, 0, 0, 0, 0, 0, 0, 0, 0, 0, 0, 0, 0, 0, 0, 0, 0, 0, 0, 0, 0, 0, 0, 0, 0, 0, 0, 0, 0, 0, 0, 0, 0, 0, 0, 0, 0, 0, 0, 0, 0, 0, 0, 0, 0], "C": [0, 15, 27, 44, 79, 137, 172, 253, 369, 421, 598, 727, 801, 941, 1143, 1273, 1449, 1502, 1786, 2006, 2228, 2401, 2743, 2927, 3448, 3531, 3536, 3167, 2978, 2592, 2384, 2079, 1693, 1358, 1188, 939, 885, 629, 587, 440, 464, 329, 309, 279, 244, 217, 169, 155, 125, 105, 103, 95, 85, 68, 79, 74, 60, 43, 56, 44, 38, 46, 34, 37, 20, 29, 28, 39, 19, 23, 28, 17, 18, 22, 20, 20, 17, 17, 12, 13, 16, 10, 8, 6, 13, 9, 11, 12, 6, 6, 8, 2, 7, 8, 5, 4, 3, 3, 5, 1, 3, 4, 4, 3, 9, 2, 2, 1, 2, 4, 1, 0, 4, 1, 0, 0, 2, 4, 1, 2, 2, 2, 1, 0, 0, 1, 0, 1, 2, 1, 1, 0, 0, 0, 0, 0, 0, 0, 0, 1, 0, 1, 0, 0, 0, 0, 0, 0, 0, 0, 0, 0, 0, 0, 0, 0, 0, 0, 0, 0, 1, 0, 0, 0, 0, 0, 0, 0, 0, 0, 0, 0, 0, 0, 0, 0, 0, 0, 0, 0, 0, 0, 0, 0, 0, 0, 0, 0, 0, 0, 0, 0, 0, 0, 0, 0, 0, 0, 0, 0, 0, 0, 0, 0, 0, 0, 0, 0, 0, 0, 0, 0, 0, 0, 0, 0, 0, 0, 0, 0], "B": [2, 4, 6, 14, 17, 33, 52, 91, 135, 151, 198, 247, 363, 415, 511, 570, 715, 800, 890, 1006, 1250, 1302, 1490, 1745, 1984, 2021, 2147, 2078, 2105, 1861, 1904, 1657, 1676, 1405, 1306, 1142, 1032, 898, 896, 704, 662, 599, 578, 521, 485, 368, 384, 346, 320, 281, 250, 219, 227, 188, 201, 151, 169, 148, 138, 134, 120, 130, 116, 111, 98, 84, 82, 86, 73, 79, 84, 76, 69, 60, 56, 51, 53, 53, 51, 43, 46, 38, 43, 35, 37, 25, 33, 34, 36, 25, 32, 27, 22, 20, 20, 13, 10, 12, 14, 14, 16, 14, 21, 9, 16, 14, 13, 12, 10, 9, 11, 12, 8, 4, 8, 3, 7, 13, 4, 4, 12, 6, 4, 8, 7, 3, 4, 5, 2, 5, 3, 3, 7, 8, 4, 2, 7, 1, 1, 4, 1, 0, 4, 3, 3, 1, 3, 1, 1, 3, 1, 1, 0, 1, 0, 1, 0, 1, 0, 2, 0, 3, 0, 0, 0, 0, 0, 0, 0, 0, 0, 0, 1, 0, 0, 1, 0, 0, 0, 0, 2, 1, 0, 0, 0, 0, 0, 0, 0, 0, 0, 0, 0, 0, 0, 1, 0, 0, 0, 0, 0, 0, 0, 0, 0, 0, 0, 0, 0, 0, 0, 0, 0, 0, 0, 0, 0, 0, 0, 0], "A": [1, 1, 1, 5, 9, 10, 24, 27, 44, 59, 67, 118, 164, 150, 226, 287, 344, 368, 459, 535, 708, 713, 894, 958, 1205, 1177, 1383, 1468, 1514, 1544, 1608, 1503, 1604, 1528, 1486, 1389, 1364, 1186, 1271, 1185, 1181, 1132, 1050, 934, 938, 833, 897, 712, 718, 641, 616, 559, 565, 523, 461, 442, 433, 390, 388, 329, 360, 348, 337, 300, 292, 285, 305, 269, 233, 222, 218, 206, 215, 172, 161, 172, 170, 131, 143, 133, 167, 121, 150, 128, 95, 117, 136, 110, 89, 84, 94, 95, 94, 77, 84, 69, 58, 67, 72, 52, 90, 86, 82, 80, 67, 58, 46, 49, 55, 54, 60, 39, 29, 39, 44, 36, 44, 26, 21, 25, 52, 38, 36, 43, 21, 29, 29, 21, 20, 20, 29, 22, 21, 19, 28, 22, 18, 12, 14, 13, 24, 24, 21, 22, 21, 17, 14, 13, 12, 10, 11, 10, 13, 8, 10, 6, 6, 7, 5, 8, 13, 14, 8, 8, 5, 6, 8, 3, 5, 6, 5, 7, 1, 3, 1, 4, 0, 1, 1, 0, 4, 3, 2, 3, 1, 2, 2, 3, 0, 3, 3, 1, 2, 1, 1, 0, 0, 1, 0, 0, 2, 0, 0, 0, 0, 0, 0, 0, 0, 0, 0, 0, 0, 0, 0, 0, 0, 0, 0, 0], "P": [0, 0, 0, 0, 0, 0, 0, 0, 0, 0, 0, 0, 0, 0, 0, 0, 0, 0, 0, 0, 0, 0, 0, 0, 0, 0, 0, 0, 0, 0, 0, 0, 0, 0, 0, 0, 0, 0, 0, 0, 0, 0, 0, 0, 0, 0, 0, 0, 0, 0, 0, 0, 0, 0, 0, 0, 0, 0, 0, 0, 0, 0, 0, 0, 0, 0, 0, 0, 0, 0, 0, 0, 0, 0, 0, 0, 0, 0, 0, 0, 0, 0, 0, 0, 0, 0, 1, 0, 0, 0, 0, 0, 0, 0, 1, 0, 1, 1, 0, 0, 0, 0, 1, 0, 1, 0, 0, 0, 0, 0, 0, 0, 0, 0, 0, 0, 2, 0, 0, 0, 0, 0, 0, 1, 0, 0, 0, 1, 0, 1, 1, 0, 0, 0, 0, 0, 1, 0, 0, 0, 1, 2, 1, 1, 0, 0, 1, 1, 0, 1, 2, 1, 0, 0, 0, 1, 1, 1, 0, 1, 1, 1, 1, 1, 2, 3, 5, 1, 1, 1, 2, 0, 1, 1, 0, 0, 1, 1, 0, 0, 0, 0, 0, 2, 0, 3, 3, 1, 0, 1, 0, 0, 0, 1, 0, 0, 0, 0, 0, 0, 0, 0, 0, 0, 0, 0, 0, 0, 0, 0, 0, 0, 0, 0, 0, 0, 0, 0, 0, 0, 1]},