{"racesDone": {"value": 264181, "total": 34530272}, "lapsDone": {"value": 5222073, "total": 513658906}, "avgInc": {"value": 6.058195218151573, "delta": -0.01935957386244791}, "avgIR": {"value": 1803, "delta": 7.753973313402639}, "avgTT": {"value": 1355, "delta": 1.9301002843885726}, "newRacers": {"value": 49186, "total": 409502, "delta": 2079}, "licenseChange": {"D": {"total": 9919, "promoted": 1274, "demoted": 23}, "C": {"total": 7988, "promoted": 912, "demoted": 45}, "B": {"total": 10244, "promoted": 979, "demoted": 170}, "A": {"total": 18604, "promoted": 1370, "demoted": 5}, "P": {"total": 33, "promoted": 4, "demoted": 0}}, "awards": {"IR_up": {"name": "Petr Kubovsk\u00fd", "from": 1774, "to": 3413}, "IR_down": {"name": "Diego Bao", "from": 3463, "to": 1984}, "SR_up": {"name": "James Goldsztajn2", "from": "D 2.35", "to": "A 4.44"}, "SR_down": {"name": "Aykutt Kutluata", "from": "B 3.67", "to": "C 1.35"}}, "country": {"AD": 131, "AE": 58, "AF": 1, "AG": 3, "AI": 1, "AL": 1, "AM": 2, "AN": 3, "AR": 793, "AS": 1, "AT": 468, "AU": 2987, "AW": 3, "AZ": 3, "BA": 7, "BB": 3, "BE": 711, "BG": 48, "BH": 1, "BI": 1, "BL": 1, "BN": 3, "BO": 5, "BR": 1197, "BS": 1, "BW": 1, "BY": 11, "CA": 2594, "CH": 445, "CL": 198, "CN": 92, "CO": 99, "CR": 29, "CY": 7, "CZ": 228, "DE": 3765, "DK": 576, "DO": 25, "DZ": 5, "EC": 8, "EE": 42, "EG": 6, "ES": 3507, "FI": 572, "FO": 2, "FR": 2209, "GB": 4644, "GD": 1, "GE": 1, "GG": 7, "GI": 31, "GL": 1, "GP": 4, "GR": 58, "GT": 5, "HK": 97, "HN": 1, "HR": 59, "HU": 271, "ID": 25, "IE": 184, "IL": 43, "IM": 10, "IN": 40, "IS": 10, "IT": 1044, "JE": 9, "JM": 2, "JO": 2, "JP": 610, "KH": 3, "KR": 173, "KW": 3, "KY": 2, "KZ": 2, "LB": 5, "LI": 1, "LK": 2, "LT": 69, "LU": 53, "LV": 29, "MA": 8, "MC": 42, "MD": 5, "ME": 1, "MK": 4, "MO": 10, "MT": 18, "MV": 5, "MX": 246, "MY": 58, "NC": 3, "NL": 1655, "NO": 379, "NZ": 389, "PA": 9, "PE": 29, "PF": 1, "PH": 22, "PK": 2, "PL": 464, "PR": 15, "PT": 537, "PY": 3, "QA": 7, "RE": 10, "RO": 88, "RS": 10, "RU": 284, "SA": 13, "SC": 1, "SE": 473, "SG": 71, "SI": 38, "SK": 69, "SM": 5, "SV": 2, "SZ": 4, "TH": 31, "TK": 1, "TM": 1, "TN": 3, "TR": 430, "TT": 5, "TW": 12, "UA": 76, "US": 15050, "UY": 63, "VA": 1, "VE": 4, "VG": 2, "VI": 14, "VN": 2, "ZA": 153, "ZW": 2, "nan": 1}, "dist": {"IRating": {"xAxis": [0, 50, 100, 150, 200, 250, 300, 350, 400, 450, 500, 550, 600, 650, 700, 750, 800, 850, 900, 950, 1000, 1050, 1100, 1150, 1200, 1250, 1300, 1350, 1400, 1450, 1500, 1550, 1600, 1650, 1700, 1750, 1800, 1850, 1900, 1950, 2000, 2050, 2100, 2150, 2200, 2250, 2300, 2350, 2400, 2450, 2500, 2550, 2600, 2650, 2700, 2750, 2800, 2850, 2900, 2950, 3000, 3050, 3100, 3150, 3200, 3250, 3300, 3350, 3400, 3450, 3500, 3550, 3600, 3650, 3700, 3750, 3800, 3850, 3900, 3950, 4000, 4050, 4100, 4150, 4200, 4250, 4300, 4350, 4400, 4450, 4500, 4550, 4600, 4650, 4700, 4750, 4800, 4850, 4900, 4950, 5000, 5050, 5100, 5150, 5200, 5250, 5300, 5350, 5400, 5450, 5500, 5550, 5600, 5650, 5700, 5750, 5800, 5850, 5900, 5950, 6000, 6050, 6100, 6150, 6200, 6250, 6300, 6350, 6400, 6450, 6500, 6550, 6600, 6650, 6700, 6750, 6800, 6850, 6900, 6950, 7000, 7050, 7100, 7150, 7200, 7250, 7300, 7350, 7400, 7450, 7500, 7550, 7600, 7650, 7700, 7750, 7800, 7850, 7900, 7950, 8000, 8050, 8100, 8150, 8200, 8250, 8300, 8350, 8400, 8450, 8500, 8550, 8600, 8650, 8700, 8750, 8800, 8850, 8900, 8950, 9000, 9050, 9100, 9150, 9200, 9250, 9300, 9350, 9400, 9450, 9500, 9550, 9600, 9650, 9700, 9750, 9800, 9850, 9900, 9950, 10000, 10050, 10100, 10150, 10200, 10250, 10300, 10350, 10400, 10450, 10500, 10550, 10600, 10650, 10700, 10750, 10800, 10850, 10900, 10950], "D": [20, 56, 154, 238, 342, 474, 633, 709, 931, 1086, 1251, 1320, 1563, 1729, 1923, 2078, 2426, 2605, 3204, 3403, 4139, 4547, 5691, 6803, 8309, 8758, 8819, 7564, 6639, 5101, 4061, 2961, 2284, 1568, 1172, 817, 642, 491, 356, 267, 211, 175, 152, 117, 89, 82, 74, 52, 51, 40, 38, 24, 32, 21, 27, 19, 13, 16, 7, 13, 8, 11, 11, 6, 14, 12, 8, 8, 8, 7, 2, 1, 7, 2, 2, 3, 1, 5, 4, 2, 1, 1, 2, 5, 1, 1, 1, 0, 3, 2, 1, 1, 0, 1, 0, 1, 1, 1, 2, 1, 0, 1, 2, 0, 0, 1, 1, 0, 0, 1, 0, 1, 0, 0, 0, 0, 0, 0, 0, 0, 0, 1, 0, 0, 0, 0, 0, 0, 0, 0, 0, 0, 0, 0, 0, 0, 0, 0, 0, 0, 0, 0, 0, 0, 0, 0, 0, 0, 0, 0, 0, 0, 0, 0, 0, 0, 0, 0, 0, 0, 0, 0, 0, 0, 0, 0, 0, 0, 0, 0, 0, 0, 0, 0, 0, 0, 0, 0, 0, 0, 0, 0, 0, 0, 0, 0, 0, 0, 0, 0, 0, 0, 0, 0, 0, 0, 0, 0, 0, 0, 0, 0, 0, 0, 0, 0, 0, 0, 0, 0, 0, 0, 0, 0, 0, 0, 0, 0, 0, 0], "C": [0, 14, 23, 47, 80, 127, 181, 270, 342, 423, 593, 724, 805, 920, 1133, 1270, 1451, 1476, 1786, 2017, 2221, 2388, 2739, 2893, 3472, 3515, 3539, 3186, 2980, 2538, 2383, 2017, 1711, 1345, 1182, 933, 878, 616, 574, 436, 447, 338, 315, 271, 236, 209, 162, 164, 128, 106, 95, 93, 85, 66, 68, 77, 66, 39, 51, 46, 40, 47, 40, 31, 25, 28, 27, 39, 18, 22, 28, 14, 22, 19, 24, 20, 14, 17, 11, 14, 18, 9, 8, 5, 14, 9, 9, 10, 4, 8, 8, 4, 6, 8, 5, 2, 1, 2, 7, 2, 3, 5, 4, 5, 6, 2, 0, 0, 3, 3, 3, 1, 1, 1, 0, 0, 2, 5, 1, 0, 2, 1, 1, 0, 0, 0, 0, 1, 3, 2, 0, 0, 0, 0, 0, 0, 0, 0, 0, 1, 0, 0, 0, 1, 0, 0, 0, 0, 0, 0, 0, 0, 0, 0, 0, 0, 0, 0, 0, 0, 1, 0, 0, 0, 0, 0, 0, 0, 0, 0, 0, 0, 0, 0, 0, 0, 0, 0, 0, 0, 0, 0, 0, 0, 0, 0, 0, 0, 0, 0, 0, 0, 0, 0, 0, 0, 0, 0, 0, 0, 0, 0, 0, 0, 0, 0, 0, 0, 0, 0, 0, 0, 0, 0, 0, 0, 0, 0, 0, 0], "B": [2, 4, 7, 8, 17, 36, 50, 93, 118, 150, 198, 243, 359, 412, 502, 571, 711, 795, 896, 1010, 1238, 1276, 1521, 1723, 1990, 1989, 2180, 2092, 2128, 1823, 1896, 1660, 1647, 1428, 1297, 1162, 1013, 900, 877, 711, 638, 629, 554, 518, 468, 379, 372, 349, 322, 274, 258, 219, 221, 193, 183, 171, 157, 153, 131, 124, 118, 123, 119, 111, 98, 85, 85, 85, 75, 74, 83, 66, 75, 64, 58, 40, 56, 51, 52, 47, 33, 40, 48, 35, 33, 31, 30, 31, 32, 32, 33, 22, 16, 22, 19, 13, 11, 9, 19, 14, 16, 10, 18, 15, 10, 12, 14, 10, 8, 12, 13, 12, 8, 6, 6, 6, 7, 14, 4, 6, 7, 4, 5, 11, 6, 3, 7, 3, 4, 2, 4, 3, 4, 7, 3, 4, 7, 2, 1, 4, 2, 1, 3, 1, 4, 1, 3, 1, 0, 3, 1, 1, 0, 1, 1, 1, 0, 1, 0, 1, 1, 1, 0, 0, 0, 0, 1, 0, 0, 0, 0, 0, 0, 0, 0, 1, 0, 0, 0, 0, 2, 0, 0, 0, 0, 0, 1, 0, 0, 0, 0, 0, 0, 0, 0, 0, 0, 0, 0, 0, 0, 0, 0, 0, 0, 0, 0, 0, 0, 0, 0, 0, 0, 0, 0, 0, 0, 0, 0, 0], "A": [1, 1, 1, 4, 9, 10, 20, 25, 42, 60, 74, 114, 156, 163, 224, 274, 341, 367, 457, 547, 690, 717, 896, 951, 1187, 1204, 1388, 1433, 1525, 1558, 1574, 1497, 1559, 1530, 1528, 1361, 1356, 1192, 1266, 1183, 1167, 1140, 1065, 952, 906, 831, 891, 690, 730, 668, 588, 541, 570, 489, 457, 456, 439, 399, 383, 345, 348, 357, 322, 295, 306, 291, 287, 250, 252, 220, 222, 206, 206, 167, 164, 162, 183, 133, 149, 125, 150, 129, 155, 127, 112, 134, 113, 109, 85, 85, 95, 97, 89, 77, 82, 71, 56, 71, 69, 59, 101, 72, 74, 80, 61, 56, 51, 55, 63, 52, 53, 41, 30, 39, 42, 48, 36, 27, 20, 25, 50, 43, 38, 47, 19, 27, 27, 18, 16, 17, 33, 26, 24, 17, 27, 19, 17, 14, 13, 15, 21, 24, 27, 21, 22, 16, 10, 15, 13, 9, 11, 11, 10, 6, 11, 7, 6, 6, 6, 7, 10, 14, 13, 8, 5, 8, 9, 1, 5, 6, 3, 7, 1, 3, 1, 4, 0, 2, 1, 0, 6, 3, 1, 2, 1, 1, 2, 3, 0, 3, 3, 0, 3, 1, 1, 0, 0, 1, 0, 0, 2, 0, 0, 0, 0, 0, 0, 0, 0, 0, 0, 0, 0, 0, 0, 0, 0, 0, 0, 0], "P": [0, 0, 0, 0, 0, 0, 0, 0, 0, 0, 0, 0, 0, 0, 0, 0, 0, 0, 0, 0, 0, 0, 0, 0, 0, 0, 0, 0, 0, 0, 0, 0, 0, 0, 0, 0, 0, 0, 0, 0, 0, 0, 0, 0, 0, 0, 0, 0, 0, 0, 0, 0, 0, 0, 0, 0, 0, 0, 0, 0, 0, 0, 0, 0, 0, 0, 0, 0, 0, 0, 0, 0, 0, 0, 0, 0, 0, 0, 0, 0, 0, 0, 0, 0, 0, 0, 1, 0, 0, 0, 0, 0, 0, 0, 1, 0, 1, 1, 0, 0, 0, 0, 1, 0, 1, 0, 0, 0, 0, 0, 0, 0, 0, 0, 0, 0, 2, 0, 0, 0, 0, 0, 0, 1, 0, 0, 0, 1, 0, 1, 1, 0, 0, 0, 0, 0, 1, 0, 0, 1, 0, 2, 0, 1, 0, 0, 1, 1, 0, 1, 2, 1, 0, 0, 0, 1, 1, 1, 0, 1, 1, 1, 2, 1, 2, 3, 4, 1, 1, 1, 2, 1, 1, 0, 0, 0, 1, 1, 0, 0, 0, 0, 0, 2, 0, 3, 3, 1, 0, 1, 0, 0, 0, 1, 0, 0, 0, 0, 0, 0, 0, 0, 0, 0, 0, 0, 0, 0, 0, 0, 0, 0, 0, 0, 0, 0, 0, 0, 0, 0, 1]},