{"racesDone": {"value": 27401, "total": 5782930}, "lapsDone": {"value": 715556, "total": 142154895}, "avgInc": {"value": 3.1741941282205004, "delta": -0.029056321150369158}, "avgIR": {"value": 1751, "delta": 3.480600539811121}, "avgTT": {"value": 1247, "delta": 1.499236641221387}, "newRacers": {"value": 6676, "total": 136323, "delta": 393}, "licenseChange": {"D": {"total": 1283, "promoted": 61, "demoted": 7}, "C": {"total": 1353, "promoted": 52, "demoted": 7}, "B": {"total": 1732, "promoted": 14, "demoted": 18}, "A": {"total": 1613, "promoted": 13, "demoted": 1}, "P": {"total": 9, "promoted": 0, "demoted": 0}}, "awards": {"IR_up": {"name": "Logan Herbert", "from": 3492, "to": 4859}, "IR_down": {"name": "Devon Simmons", "from": 1246, "to": 550}, "SR_up": {"name": "Keith Miller6", "from": "B 1.05", "to": "B 4.75"}, "SR_down": {"name": "James Starry", "from": "A 4.69", "to": "A 2.26"}}, "country": {"AD": 1, "AE": 1, "AR": 14, "AT": 5, "AU": 429, "BE": 6, "BG": 1, "BO": 1, "BR": 10, "BY": 1, "CA": 321, "CH": 6, "CO": 1, "DE": 37, "DK": 2, "DO": 1, "ES": 31, "FI": 11, "FR": 30, "GB": 107, "GI": 2, "HU": 4, "IE": 1, "IN": 1, "IT": 8, "JP": 11, "KR": 2, "KZ": 1, "LV": 2, "MX": 2, "NL": 22, "NO": 1, "NZ": 112, "PE": 1, "PL": 3, "PT": 4, "RU": 7, "SE": 9, "SG": 1, "SK": 1, "UA": 1, "US": 5462, "ZA": 2}, "dist": {"IRating": {"xAxis": [0, 50, 100, 150, 200, 250, 300, 350, 400, 450, 500, 550, 600, 650, 700, 750, 800, 850, 900, 950, 1000, 1050, 1100, 1150, 1200, 1250, 1300, 1350, 1400, 1450, 1500, 1550, 1600, 1650, 1700, 1750, 1800, 1850, 1900, 1950, 2000, 2050, 2100, 2150, 2200, 2250, 2300, 2350, 2400, 2450, 2500, 2550, 2600, 2650, 2700, 2750, 2800, 2850, 2900, 2950, 3000, 3050, 3100, 3150, 3200, 3250, 3300, 3350, 3400, 3450, 3500, 3550, 3600, 3650, 3700, 3750, 3800, 3850, 3900, 3950, 4000, 4050, 4100, 4150, 4200, 4250, 4300, 4350, 4400, 4450, 4500, 4550, 4600, 4650, 4700, 4750, 4800, 4850, 4900, 4950, 5000, 5050, 5100, 5150, 5200, 5250, 5300, 5350, 5400, 5450, 5500, 5550, 5600, 5650, 5700, 5750, 5800, 5850, 5900, 5950, 6000, 6050, 6100, 6150, 6200, 6250, 6300, 6350, 6400, 6450, 6500, 6550, 6600, 6650, 6700, 6750, 6800, 6850, 6900, 6950, 7000, 7050, 7100, 7150, 7200, 7250, 7300, 7350, 7400, 7450, 7500, 7550, 7600, 7650, 7700, 7750, 7800, 7850, 7900, 7950, 8000, 8050, 8100, 8150, 8200, 8250, 8300, 8350, 8400, 8450, 8500, 8550, 8600, 8650, 8700, 8750, 8800, 8850, 8900, 8950, 9000, 9050, 9100, 9150, 9200, 9250, 9300, 9350, 9400, 9450], "D": [0, 2, 13, 29, 22, 40, 47, 71, 97, 124, 160, 143, 196, 218, 243, 308, 368, 416, 441, 545, 769, 832, 1187, 1551, 2137, 2756, 3349, 3084, 2778, 2086, 1485, 949, 660, 360, 265, 161, 115, 88, 70, 47, 44, 39, 33, 23, 21, 13, 13, 14, 9, 9, 12, 4, 3, 8, 8, 8, 6, 2, 1, 3, 6, 2, 4, 3, 2, 4, 2, 2, 0, 1, 3, 1, 4, 4, 1, 0, 1, 0, 2, 0, 0, 0, 0, 0, 1, 1, 0, 0, 0, 3, 1, 0, 0, 0, 1, 0, 1, 0, 0, 0, 0, 0, 0, 0, 0, 0, 0, 1, 0, 0, 0, 0, 1, 0, 1, 0, 0, 0, 0, 0, 0, 0, 0, 0, 0, 0, 0, 0, 0, 0, 0, 0, 0, 0, 0, 0, 0, 0, 0, 0, 0, 0, 0, 0, 0, 0, 0, 0, 0, 0, 0, 0, 0, 0, 0, 0, 0, 0, 0, 0, 0, 0, 0, 0, 0, 0, 0, 0, 0, 0, 0, 0, 0, 0, 0, 0, 0, 0, 0, 0, 0, 0, 0, 0, 0, 0, 0, 0, 0, 0], "C": [0, 5, 8, 11, 28, 33, 40, 74, 97, 119, 150, 182, 209, 262, 293, 332, 424, 432, 518, 570, 680, 764, 851, 909, 1036, 1144, 1146, 1024, 1071, 799, 679, 539, 471, 345, 292, 203, 187, 137, 124, 100, 85, 72, 65, 45, 39, 48, 38, 31, 21, 22, 26, 19, 11, 6, 15, 11, 9, 9, 5, 4, 8, 2, 5, 3, 4, 5, 3, 6, 4, 3, 4, 3, 3, 2, 4, 1, 2, 1, 4, 2, 2, 1, 0, 1, 0, 1, 2, 0, 0, 1, 0, 1, 0, 0, 0, 0, 0, 0, 0, 0, 0, 0, 0, 0, 0, 0, 0, 0, 0, 0, 0, 0, 0, 0, 0, 0, 0, 0, 0, 0, 0, 0, 0, 0, 0, 0, 0, 0, 0, 0, 0, 0, 0, 0, 0, 0, 0, 0, 0, 0, 0, 0, 0, 0, 0, 0, 0, 0, 0, 0, 0, 0, 0, 0, 0, 0, 0, 0, 0, 0, 0, 0, 0, 0, 0, 0, 0, 0, 0, 0, 0, 0, 0, 0, 0, 0, 0, 0, 0, 0, 0, 0, 0, 0, 0, 0, 0, 0, 0, 0], "B": [0, 1, 0, 2, 13, 5, 10, 20, 30, 51, 63, 76, 114, 127, 151, 184, 249, 246, 303, 329, 409, 410, 492, 568, 591, 660, 754, 690, 681, 634, 625, 544, 493, 429, 363, 345, 297, 256, 236, 219, 190, 147, 163, 116, 129, 109, 92, 79, 87, 75, 63, 61, 44, 45, 34, 41, 52, 28, 28, 31, 27, 26, 28, 27, 23, 13, 18, 16, 19, 9, 12, 18, 12, 6, 7, 7, 14, 6, 16, 3, 10, 9, 7, 3, 5, 3, 6, 3, 4, 5, 4, 3, 0, 3, 2, 2, 2, 4, 2, 6, 2, 1, 1, 1, 1, 0, 0, 0, 2, 1, 2, 0, 0, 1, 0, 1, 2, 0, 0, 0, 0, 1, 0, 1, 0, 0, 0, 0, 0, 0, 0, 0, 0, 1, 0, 1, 0, 0, 0, 0, 1, 0, 0, 0, 0, 0, 0, 0, 0, 0, 0, 0, 0, 0, 0, 0, 0, 0, 0, 0, 0, 0, 0, 0, 0, 0, 0, 0, 0, 0, 0, 0, 0, 0, 0, 0, 0, 0, 0, 0, 0, 0, 0, 0, 0, 0, 0, 0, 0, 0], "A": [0, 1, 1, 1, 1, 2, 1, 4, 13, 13, 13, 14, 22, 25, 21, 40, 40, 51, 65, 73, 83, 123, 140, 143, 173, 220, 246, 245, 273, 236, 259, 227, 230, 234, 209, 197, 203, 181, 177, 159, 171, 151, 139, 131, 143, 126, 127, 101, 97, 119, 84, 93, 85, 64, 84, 75, 65, 52, 58, 51, 50, 58, 60, 48, 47, 34, 46, 38, 43, 36, 46, 34, 37, 32, 37, 28, 37, 25, 27, 32, 28, 30, 20, 27, 31, 31, 23, 26, 29, 17, 22, 13, 20, 16, 16, 16, 9, 16, 5, 7, 14, 17, 16, 7, 9, 9, 7, 15, 12, 11, 8, 11, 9, 6, 12, 10, 8, 6, 5, 6, 6, 8, 6, 3, 8, 1, 4, 3, 2, 5, 3, 1, 0, 3, 5, 0, 2, 1, 2, 2, 3, 3, 1, 1, 1, 1, 2, 4, 1, 3, 0, 0, 2, 0, 0, 0, 1, 2, 1, 0, 0, 0, 1, 0, 0, 1, 1, 0, 0, 1, 1, 0, 0, 0, 0, 0, 0, 0, 0, 0, 0, 0, 0, 0, 0, 0, 0, 0, 0, 0], "P": [0, 0, 0, 0, 0, 0, 0, 0, 0, 0, 0, 0, 0, 0, 0, 0, 0, 0, 0, 0, 0, 0, 0, 0, 0, 0, 0, 0, 0, 0, 0, 0, 0, 0, 0, 0, 0, 0, 0, 0, 0, 0, 0, 0, 0, 0, 0, 0, 0, 0, 0, 0, 0, 0, 0, 0, 0, 0, 0, 0, 0, 0, 0, 0, 0, 0, 0, 0, 0, 0, 0, 0, 0, 0, 0, 0, 0, 0, 0, 1, 0, 0, 0, 0, 1, 0, 0, 0, 0, 0, 0, 0, 0, 1, 0, 0, 1, 0, 0, 0, 0, 0, 1, 0, 0, 0, 0, 1, 1, 0, 1, 0, 0, 0, 0, 0, 0, 0, 0, 0, 1, 1, 0, 0, 2, 1, 0, 0, 0, 0, 0, 1, 0, 0, 1, 0, 1, 0, 0, 0, 0, 0, 0, 0, 0, 1, 0, 2, 0, 0, 0, 0, 1, 1, 0, 3, 0, 0, 0, 0, 0, 0, 0, 0, 0, 0, 0, 1, 1, 0, 0, 0, 0, 0, 0, 0, 0, 0, 0, 0, 1, 0, 1, 0, 0, 0, 0, 1, 0, 0, 1]}, "TTRating": {"xAxis": [0, 50, 100, 150, 200, 250, 300, 350, 400, 450, 500, 550, 600, 650, 700, 750, 800, 850, 900, 950, 1000, 1050, 1100, 1150, 1200, 1250, 1300, 1350, 1400, 1450, 1500, 1550, 1600, 1650, 1700, 1750, 1800, 1850, 1900, 1950, 2000, 2050, 2100, 2150, 2200, 2250], "D": [0, 0, 0, 0, 0, 0, 0, 0, 0, 0, 0, 0, 0, 0, 0, 1, 2, 7, 8, 10, 38, 99, 361, 1003, 1807, 548, 72, 14, 1, 0, 0, 0, 0, 0, 0, 1, 0, 0, 0, 0, 0, 0, 0, 0, 0, 0], "C": [0, 0, 0, 0, 0, 0, 0, 1, 0, 0, 0, 0, 2, 1, 5, 1, 6, 11, 16, 17, 48, 83, 234, 691, 1432, 1263, 370, 62, 18, 10, 3, 3, 0, 2, 0, 0, 0, 1, 0, 0, 0, 0, 0, 0, 0, 0], "B": [0, 0, 0, 0, 0, 0, 0, 0, 0, 0, 0, 0, 2, 1, 6, 6, 3, 11, 18, 30, 46, 98, 269, 620, 1375, 1415, 601, 140, 53, 36, 17, 11, 12, 3, 1, 2, 1, 1, 1, 1, 1, 0, 0, 0, 0, 0], "A": [0, 0, 0, 0, 0, 0, 0, 0, 0, 1, 1, 0, 1, 1, 0, 6, 8, 8, 21, 34, 55, 93, 181, 398, 870, 1015, 598, 201, 130, 105, 65, 56, 39, 21, 11, 8, 16, 4, 8, 3, 2, 1, 1, 2, 3, 0, 1], "P": [0, 0, 0, 0, 0, 0, 0, 0, 0, 0, 0, 0, 0, 0, 0, 0, 0, 0, 0, 0, 0, 0, 0, 0, 0, 2, 5, 7, 4, 2, 0, 0, 0, 0, 0, 0, 0, 0, 0, 0, 0, 0, 0, 0, 0, 0]}, "IRatingPercent": {"xAxis": [0, 50, 100, 150, 200, 250, 300, 350, 400, 450, 500, 550, 600, 650, 700, 750, 800, 850, 900, 950, 1000, 1050, 1100, 1150, 1200, 1250, 1300, 1350, 1400, 1450, 1500, 1550, 1600, 1650, 1700, 1750, 1800, 1850, 1900, 1950, 2000, 2050, 2100, 2150, 2200, 2250, 2300, 2350, 2400, 2450, 2500, 2550, 2600, 2650, 2700, 2750, 2800, 2850, 2900, 2950, 3000, 3050, 3100, 3150, 3200, 3250, 3300, 3350, 3400, 3450, 3500, 3550, 3600, 3650, 3700, 3750, 3800, 3850, 3900, 3950, 4000, 4050, 4100, 4150, 4200, 4250, 4300, 4350, 4400, 4450, 4500, 4550, 4600, 4650, 4700, 4750, 4800, 4850, 4900, 4950, 5000, 5050, 5100, 5150, 5200, 5250, 5300, 5350, 5400, 5450, 5500, 5550, 5600, 5650, 5700, 5750, 5800, 5850, 5900, 5950, 6000, 6050, 6100, 6150, 6200, 6250, 6300, 6350, 6400, 6450, 6500, 6550, 6600, 6650, 6700, 6750, 6800, 6850, 6900, 6950, 7000, 7050, 7100, 7150, 7200, 7250, 7300, 7350, 7400, 7450, 7500, 7550, 7600, 7650, 7700, 7750, 7800, 7850, 7900, 7950, 8000, 8050, 8100, 8150, 8200, 8250, 8300, 8350, 8400, 8450, 8500, 8550, 8600, 8650, 8700, 8750, 8800, 8850, 8900, 8950, 9000, 9050, 9100, 9150, 9200, 9250, 9300, 9350, 9400, 9450, 9500],