{"racesDone": {"value": 32863, "total": 5719368}, "lapsDone": {"value": 899688, "total": 140494299}, "avgInc": {"value": 3.175219128996687, "delta": -0.005057883131209806}, "avgIR": {"value": 1772, "delta": 3.864222781623539}, "avgTT": {"value": 1246, "delta": 0.6093240093239274}, "newRacers": {"value": 7256, "total": 135409, "delta": 547}, "licenseChange": {"D": {"total": 1350, "promoted": 210, "demoted": 0}, "C": {"total": 1457, "promoted": 63, "demoted": 1}, "B": {"total": 1944, "promoted": 45, "demoted": 4}, "A": {"total": 1805, "promoted": 37, "demoted": 0}, "P": {"total": 18, "promoted": 1, "demoted": 0}}, "awards": {"IR_up": {"name": "Alfred Clark", "from": 958, "to": 2905}, "IR_down": {"name": "J.S. Cox", "from": 5237, "to": 4634}, "SR_up": {"name": "Randy Johnston2", "from": "R 2.46", "to": "A 3.67"}, "SR_down": {"name": "Christopher Stowe", "from": "A 2.33", "to": "B 1.46"}}, "country": {"AD": 1, "AE": 2, "AR": 15, "AT": 2, "AU": 515, "BE": 8, "BG": 1, "BR": 12, "BY": 1, "CA": 358, "CH": 4, "CL": 3, "CO": 2, "CZ": 4, "DE": 33, "DK": 2, "ES": 34, "FI": 13, "FR": 30, "GB": 108, "GI": 2, "GR": 1, "HR": 1, "IE": 3, "IL": 1, "IT": 9, "JP": 6, "KW": 1, "LT": 1, "LU": 2, "LV": 1, "MT": 1, "MX": 2, "NL": 17, "NO": 6, "NZ": 104, "PE": 1, "PH": 1, "PL": 4, "PT": 4, "RU": 10, "SE": 13, "TR": 3, "UA": 1, "US": 5910, "UY": 1, "ZA": 2}, "dist": {"IRating": {"xAxis": [0, 50, 100, 150, 200, 250, 300, 350, 400, 450, 500, 550, 600, 650, 700, 750, 800, 850, 900, 950, 1000, 1050, 1100, 1150, 1200, 1250, 1300, 1350, 1400, 1450, 1500, 1550, 1600, 1650, 1700, 1750, 1800, 1850, 1900, 1950, 2000, 2050, 2100, 2150, 2200, 2250, 2300, 2350, 2400, 2450, 2500, 2550, 2600, 2650, 2700, 2750, 2800, 2850, 2900, 2950, 3000, 3050, 3100, 3150, 3200, 3250, 3300, 3350, 3400, 3450, 3500, 3550, 3600, 3650, 3700, 3750, 3800, 3850, 3900, 3950, 4000, 4050, 4100, 4150, 4200, 4250, 4300, 4350, 4400, 4450, 4500, 4550, 4600, 4650, 4700, 4750, 4800, 4850, 4900, 4950, 5000, 5050, 5100, 5150, 5200, 5250, 5300, 5350, 5400, 5450, 5500, 5550, 5600, 5650, 5700, 5750, 5800, 5850, 5900, 5950, 6000, 6050, 6100, 6150, 6200, 6250, 6300, 6350, 6400, 6450, 6500, 6550, 6600, 6650, 6700, 6750, 6800, 6850, 6900, 6950, 7000, 7050, 7100, 7150, 7200, 7250, 7300, 7350, 7400, 7450, 7500, 7550, 7600, 7650, 7700, 7750, 7800, 7850, 7900, 7950, 8000, 8050, 8100, 8150, 8200, 8250, 8300, 8350, 8400, 8450, 8500, 8550, 8600, 8650, 8700, 8750, 8800, 8850, 8900, 8950, 9000, 9050, 9100, 9150, 9200, 9250, 9300, 9350, 9400, 9450], "D": [0, 2, 14, 25, 23, 43, 46, 73, 100, 112, 154, 151, 189, 210, 253, 312, 362, 404, 430, 531, 753, 845, 1157, 1528, 2119, 2744, 3314, 3061, 2765, 2071, 1471, 940, 637, 369, 265, 153, 116, 77, 71, 45, 42, 34, 30, 21, 16, 10, 17, 14, 11, 9, 13, 4, 3, 7, 8, 9, 6, 2, 1, 3, 6, 3, 2, 4, 1, 5, 1, 2, 0, 1, 2, 2, 5, 3, 1, 1, 0, 0, 2, 0, 0, 1, 0, 0, 1, 0, 0, 0, 0, 0, 3, 1, 0, 0, 1, 0, 1, 0, 0, 0, 0, 0, 0, 0, 0, 0, 0, 1, 0, 0, 0, 0, 1, 0, 1, 0, 0, 0, 0, 0, 0, 0, 0, 0, 0, 0, 0, 0, 0, 0, 0, 0, 0, 0, 0, 0, 0, 0, 0, 0, 0, 0, 0, 0, 0, 0, 0, 0, 0, 0, 0, 0, 0, 0, 0, 0, 0, 0, 0, 0, 0, 0, 0, 0, 0, 0, 0, 0, 0, 0, 0, 0, 0, 0, 0, 0, 0, 0, 0, 0, 0, 0, 0, 0, 0, 0, 0, 0, 0, 0], "C": [0, 3, 9, 12, 23, 33, 40, 70, 97, 109, 153, 182, 200, 254, 302, 332, 411, 448, 524, 556, 688, 751, 862, 888, 1037, 1145, 1144, 1044, 1032, 824, 680, 534, 460, 346, 286, 211, 178, 137, 128, 93, 88, 73, 58, 44, 48, 49, 28, 32, 22, 19, 23, 19, 14, 7, 14, 9, 10, 8, 6, 5, 5, 5, 3, 3, 4, 3, 4, 4, 4, 4, 3, 2, 3, 2, 4, 1, 1, 2, 4, 2, 1, 1, 1, 1, 1, 0, 1, 0, 0, 1, 0, 1, 0, 1, 1, 0, 0, 0, 0, 0, 0, 0, 1, 0, 0, 0, 0, 0, 0, 0, 0, 0, 0, 0, 0, 0, 0, 0, 0, 0, 0, 0, 0, 0, 0, 0, 0, 0, 0, 0, 0, 0, 0, 0, 0, 0, 0, 0, 0, 0, 0, 0, 0, 0, 0, 0, 0, 0, 0, 0, 0, 0, 0, 0, 0, 0, 0, 0, 0, 0, 0, 0, 0, 0, 0, 0, 0, 0, 0, 0, 0, 0, 0, 0, 0, 0, 0, 0, 0, 0, 0, 0, 0, 0, 0, 0, 0, 0, 0, 0], "B": [0, 1, 2, 2, 10, 6, 9, 20, 29, 50, 58, 77, 119, 128, 139, 191, 246, 245, 314, 319, 423, 389, 485, 577, 617, 667, 728, 710, 669, 627, 617, 545, 492, 430, 360, 341, 300, 268, 226, 220, 193, 150, 144, 129, 120, 102, 91, 84, 88, 71, 58, 64, 51, 48, 30, 37, 47, 27, 31, 32, 30, 24, 27, 27, 20, 9, 18, 17, 16, 10, 11, 18, 8, 4, 8, 11, 13, 8, 16, 1, 11, 6, 9, 3, 5, 7, 5, 5, 2, 4, 5, 2, 0, 3, 1, 1, 2, 2, 4, 3, 2, 3, 3, 0, 2, 0, 0, 1, 1, 0, 0, 0, 0, 1, 0, 3, 0, 0, 0, 1, 0, 1, 0, 0, 0, 0, 0, 0, 0, 0, 0, 1, 1, 0, 0, 0, 0, 0, 0, 0, 0, 0, 0, 0, 0, 0, 0, 0, 0, 0, 0, 0, 0, 0, 0, 0, 0, 0, 0, 0, 0, 0, 0, 0, 0, 0, 0, 0, 0, 0, 0, 0, 0, 0, 0, 0, 0, 0, 0, 0, 0, 0, 0, 0, 0, 0, 0, 0, 0, 0], "A": [0, 1, 1, 0, 1, 2, 1, 4, 12, 11, 14, 12, 22, 24, 28, 37, 42, 53, 61, 71, 90, 117, 139, 141, 168, 230, 252, 238, 265, 241, 243, 239, 244, 229, 211, 197, 207, 188, 170, 165, 157, 157, 150, 140, 140, 123, 117, 105, 107, 106, 86, 101, 90, 50, 85, 80, 62, 42, 54, 61, 51, 61, 61, 50, 46, 38, 40, 38, 43, 35, 42, 40, 39, 41, 33, 26, 33, 18, 22, 28, 34, 30, 23, 24, 34, 24, 24, 25, 28, 18, 19, 19, 19, 19, 15, 12, 9, 15, 9, 10, 11, 18, 16, 6, 8, 11, 9, 18, 6, 12, 5, 10, 11, 5, 10, 10, 4, 6, 10, 5, 4, 8, 4, 3, 7, 4, 4, 4, 2, 4, 2, 0, 2, 4, 4, 0, 2, 0, 1, 3, 1, 1, 3, 1, 0, 1, 1, 5, 1, 2, 2, 0, 1, 0, 1, 0, 0, 1, 1, 0, 0, 0, 1, 0, 0, 1, 0, 0, 1, 1, 1, 0, 0, 0, 0, 0, 0, 0, 0, 0, 0, 0, 0, 0, 0, 0, 0, 0, 0, 0], "P": [0, 0, 0, 0, 0, 0, 0, 0, 0, 0, 0, 0, 0, 0, 0, 0, 0, 0, 0, 0, 0, 0, 0, 0, 0, 0, 0, 0, 0, 0, 0, 0, 0, 0, 0, 0, 0, 0, 0, 0, 0, 0, 0, 0, 0, 0, 0, 0, 0, 0, 0, 0, 0, 0, 0, 0, 0, 0, 0, 0, 0, 0, 0, 0, 0, 0, 0, 0, 0, 0, 0, 0, 0, 0, 0, 0, 0, 0, 0, 1, 0, 0, 0, 0, 1, 0, 0, 0, 1, 0, 1, 0, 0, 1, 0, 0, 1, 0, 0, 0, 0, 0, 1, 1, 0, 0, 0, 1, 1, 0, 0, 0, 1, 0, 1, 2, 0, 0, 0, 0, 1, 2, 1, 0, 1, 1, 0, 1, 2, 0, 0, 0, 1, 0, 0, 0, 0, 0, 0, 2, 0, 0, 0, 0, 0, 1, 1, 2, 0, 0, 0, 0, 1, 1, 0, 2, 1, 0, 0, 0, 0, 0, 0, 0, 0, 0, 0, 1, 1, 0, 0, 0, 0, 0, 0, 0, 0, 0, 0, 0, 0, 1, 1, 0, 0, 0, 0, 1, 0, 0, 1]}, "TTRating": {"xAxis": [0, 50, 100, 150, 200, 250, 300, 350, 400, 450, 500, 550, 600, 650, 700, 750, 800, 850, 900, 950, 1000, 1050, 1100, 1150, 1200, 1250, 1300, 1350, 1400, 1450, 1500, 1550, 1600, 1650, 1700, 1750, 1800, 1850, 1900, 1950, 2000, 2050, 2100, 2150, 2200, 2250], "D": [0, 0, 0, 0, 0, 0, 0, 0, 0, 0, 0, 0, 0, 0, 0, 1, 2, 7, 8, 10, 37, 98, 362, 995, 1789, 532, 72, 10, 1, 0, 0, 0, 0, 0, 0, 1, 0, 0, 0, 0, 0, 0, 0, 0, 0, 0], "C": [0, 0, 0, 0, 0, 0, 0, 1, 0, 0, 0, 0, 2, 1, 5, 1, 6, 12, 16, 16, 46, 85, 232, 687, 1431, 1246, 366, 54, 17, 10, 3, 3, 0, 2, 0, 0, 0, 1, 0, 0, 0, 0, 0, 0, 0, 0], "B": [0, 0, 0, 0, 0, 0, 0, 0, 0, 0, 0, 0, 2, 1, 5, 7, 3, 11, 18, 30, 47, 98, 266, 615, 1365, 1418, 593, 137, 51, 39, 12, 12, 9, 3, 2, 3, 1, 1, 1, 0, 1, 0, 0, 0, 0, 0], "A": [0, 0, 0, 0, 0, 0, 0, 0, 0, 1, 1, 0, 1, 1, 0, 6, 8, 7, 21, 34, 56, 94, 183, 404, 865, 1013, 593, 197, 131, 102, 66, 51, 40, 18, 13, 8, 14, 3, 8, 3, 2, 1, 2, 2, 2, 0, 1], "P": [0, 0, 0, 0, 0, 0, 0, 0, 0, 0, 0, 0, 0, 0, 0, 0, 0, 0, 0, 0, 0, 0, 0, 0, 0, 2, 6, 8, 4, 3, 2, 1, 1, 0, 0, 1, 1, 1, 0, 0, 0, 0, 0, 0, 0, 0]},