{"racesDone": {"value": 9451, "total": 1589857}, "lapsDone": {"value": 75604, "total": 13616261}, "avgInc": {"value": 2.5713261761919797, "delta": 0.012658667508684385}, "avgIR": {"value": 1657, "delta": 9.581235697940429}, "avgTT": {"value": 1168, "delta": -1.9216867469879162}, "newRacers": {"value": 3167, "total": 155246, "delta": 889}, "licenseChange": {"D": {"total": 1137, "promoted": 111, "demoted": 0}, "C": {"total": 608, "promoted": 23, "demoted": 0}, "B": {"total": 325, "promoted": 10, "demoted": 0}, "A": {"total": 225, "promoted": 4, "demoted": 0}, "P": {"total": 1, "promoted": 0, "demoted": 0}}, "awards": {"IR_up": {"name": "Enrico Kuhn", "from": 2564, "to": 3937}, "IR_down": {"name": "TJ Staver", "from": 5010, "to": 3816}, "SR_up": {"name": "Jacob Brockwell", "from": "R 4.36", "to": "D 4.34"}, "SR_down": {"name": "Dylan Moore5", "from": "A 4.36", "to": "A 4.34"}}, "country": {"AD": 3, "AE": 1, "AG": 1, "AR": 23, "AT": 11, "AU": 187, "BE": 23, "BG": 3, "BO": 3, "BR": 35, "BY": 1, "CA": 213, "CH": 15, "CL": 8, "CN": 1, "CO": 4, "CR": 1, "CZ": 12, "DE": 83, "DK": 7, "DO": 2, "EC": 1, "EE": 2, "ES": 119, "FI": 50, "FO": 1, "FR": 86, "GB": 161, "GG": 1, "GI": 1, "GR": 1, "GT": 1, "HK": 1, "HU": 4, "IE": 3, "IN": 1, "IS": 1, "IT": 45, "JP": 14, "KG": 1, "KR": 8, "LB": 1, "LT": 4, "LU": 2, "LV": 2, "MC": 1, "MX": 7, "MY": 1, "NL": 44, "NO": 36, "NZ": 36, "PE": 2, "PH": 2, "PL": 17, "PR": 2, "PT": 20, "RE": 1, "RO": 4, "RU": 13, "SE": 29, "SG": 5, "SK": 2, "TR": 14, "UA": 5, "US": 1768, "UY": 2, "ZA": 7, "nan": 1}, "dist": {"IRating": {"xAxis": [0, 50, 100, 150, 200, 250, 300, 350, 400, 450, 500, 550, 600, 650, 700, 750, 800, 850, 900, 950, 1000, 1050, 1100, 1150, 1200, 1250, 1300, 1350, 1400, 1450, 1500, 1550, 1600, 1650, 1700, 1750, 1800, 1850, 1900, 1950, 2000, 2050, 2100, 2150, 2200, 2250, 2300, 2350, 2400, 2450, 2500, 2550, 2600, 2650, 2700, 2750, 2800, 2850, 2900, 2950, 3000, 3050, 3100, 3150, 3200, 3250, 3300, 3350, 3400, 3450, 3500, 3550, 3600, 3650, 3700, 3750, 3800, 3850, 3900, 3950, 4000, 4050, 4100, 4150, 4200, 4250, 4300, 4350, 4400, 4450, 4500, 4550, 4600, 4650, 4700, 4750, 4800, 4850, 4900, 4950, 5000, 5050, 5100, 5150, 5200, 5250, 5300, 5350, 5400, 5450, 5500, 5550, 5600, 5650, 5700, 5750, 5800, 5850, 5900, 5950, 6000, 6050, 6100, 6150, 6200, 6250, 6300, 6350, 6400, 6450, 6500, 6550, 6600, 6650, 6700, 6750, 6800, 6850, 6900, 6950, 7000, 7050, 7100, 7150, 7200, 7250, 7300, 7350, 7400, 7450, 7500, 7550, 7600, 7650, 7700, 7750, 7800, 7850, 7900, 7950, 8000, 8050, 8100, 8150, 8200, 8250, 8300, 8350, 8400, 8450, 8500, 8550, 8600, 8650], "D": [0, 0, 0, 1, 1, 1, 2, 8, 4, 9, 6, 13, 33, 30, 50, 68, 105, 144, 197, 285, 456, 634, 1060, 1562, 2415, 3150, 4204, 4501, 4567, 3835, 3034, 1925, 1360, 804, 574, 334, 231, 178, 126, 95, 86, 60, 50, 38, 37, 24, 25, 16, 22, 14, 12, 13, 13, 10, 9, 6, 5, 6, 2, 4, 4, 5, 7, 3, 2, 6, 0, 0, 2, 1, 3, 3, 4, 0, 1, 0, 2, 0, 0, 2, 0, 0, 1, 1, 2, 0, 1, 0, 2, 0, 0, 0, 1, 0, 1, 0, 1, 0, 0, 2, 0, 1, 0, 0, 0, 0, 0, 0, 0, 0, 0, 0, 0, 0, 0, 0, 0, 0, 0, 0, 0, 0, 0, 0, 0, 0, 0, 0, 0, 0, 0, 0, 0, 0, 0, 0, 0, 0, 0, 0, 0, 0, 0, 0, 0, 0, 0, 0, 0, 0, 0, 0, 0, 0, 0, 0, 0, 0, 0, 0, 0, 0, 0, 0, 0, 0, 0, 0, 0, 0, 0, 0, 0, 0], "C": [0, 0, 0, 0, 0, 0, 2, 2, 3, 1, 7, 6, 11, 23, 19, 39, 41, 59, 82, 91, 166, 177, 269, 424, 547, 685, 762, 838, 830, 805, 768, 683, 618, 436, 394, 366, 262, 237, 224, 180, 147, 127, 112, 103, 96, 76, 77, 66, 67, 35, 47, 48, 45, 40, 37, 24, 25, 16, 29, 14, 21, 17, 16, 17, 15, 16, 14, 22, 9, 10, 9, 10, 11, 9, 5, 6, 6, 7, 3, 6, 8, 4, 8, 4, 7, 4, 3, 1, 3, 6, 2, 1, 1, 2, 4, 2, 1, 1, 1, 2, 4, 4, 2, 1, 1, 1, 1, 0, 1, 2, 0, 0, 4, 1, 1, 0, 0, 0, 0, 0, 0, 0, 0, 0, 0, 0, 0, 0, 0, 0, 0, 0, 0, 0, 0, 0, 0, 0, 0, 0, 0, 0, 0, 0, 0, 0, 0, 0, 0, 0, 0, 0, 0, 0, 0, 0, 0, 0, 0, 0, 0, 0, 0, 0, 0, 0, 0, 0, 0, 0, 0, 0, 0, 0], "B": [0, 0, 0, 0, 0, 0, 0, 1, 0, 2, 0, 2, 7, 5, 3, 7, 9, 7, 10, 12, 34, 34, 35, 52, 70, 95, 99, 99, 112, 112, 99, 100, 93, 79, 77, 57, 43, 40, 54, 52, 44, 28, 49, 45, 32, 25, 31, 18, 22, 21, 20, 24, 12, 15, 19, 13, 13, 11, 7, 13, 6, 8, 10, 12, 10, 5, 13, 4, 2, 6, 6, 5, 8, 5, 6, 3, 5, 3, 6, 2, 4, 5, 9, 3, 2, 3, 5, 2, 5, 2, 2, 3, 1, 4, 1, 0, 3, 1, 4, 0, 1, 1, 0, 0, 2, 4, 3, 0, 0, 0, 1, 1, 0, 1, 1, 0, 0, 0, 0, 1, 0, 3, 1, 0, 0, 0, 1, 1, 0, 1, 1, 0, 0, 0, 0, 0, 0, 1, 0, 0, 0, 0, 0, 0, 0, 0, 0, 0, 0, 0, 0, 0, 0, 0, 0, 0, 1, 0, 0, 0, 0, 0, 0, 0, 0, 0, 0, 0, 0, 0, 0, 0, 0, 0], "A": [0, 0, 0, 0, 0, 0, 0, 0, 0, 0, 0, 2, 1, 2, 2, 1, 2, 4, 2, 5, 9, 5, 16, 16, 17, 33, 27, 37, 37, 40, 32, 30, 26, 28, 24, 24, 21, 15, 14, 25, 16, 13, 19, 16, 22, 13, 13, 9, 12, 9, 8, 7, 6, 8, 9, 8, 7, 7, 6, 7, 5, 7, 10, 7, 8, 5, 6, 6, 2, 5, 8, 8, 4, 1, 5, 7, 3, 3, 6, 3, 6, 3, 1, 3, 4, 5, 1, 4, 4, 3, 3, 5, 3, 1, 7, 3, 3, 2, 1, 2, 3, 1, 4, 2, 2, 1, 2, 1, 1, 2, 1, 1, 2, 1, 0, 0, 1, 1, 2, 0, 0, 1, 2, 1, 0, 0, 0, 0, 1, 0, 0, 1, 1, 1, 0, 0, 0, 0, 0, 0, 0, 0, 0, 0, 0, 1, 1, 0, 0, 0, 0, 0, 1, 0, 0, 0, 0, 1, 0, 0, 0, 0, 0, 0, 0, 0, 0, 0, 0, 0, 0, 1, 0, 0], "P": [0, 0, 0, 0, 0, 0, 0, 0, 0, 0, 0, 0, 0, 0, 0, 0, 0, 0, 0, 0, 0, 0, 0, 0, 0, 0, 0, 0, 0, 0, 0, 0, 0, 0, 0, 0, 0, 0, 0, 0, 0, 0, 0, 0, 0, 0, 0, 0, 0, 0, 0, 0, 0, 0, 0, 0, 0, 0, 0, 0, 0, 0, 0, 0, 0, 0, 0, 0, 0, 0, 0, 0, 0, 0, 0, 0, 0, 0, 0, 0, 0, 0, 0, 0, 2, 1, 0, 0, 0, 0, 0, 0, 0, 0, 0, 0, 0, 0, 0, 0, 0, 2, 0, 0, 0, 0, 1, 1, 0, 0, 0, 0, 0, 0, 0, 1, 1, 1, 0, 2, 0, 1, 0, 1, 0, 0, 0, 1, 0, 0, 1, 0, 2, 0, 0, 0, 0, 0, 0, 0, 2, 0, 0, 1, 1, 0, 1, 0, 0, 0, 0, 0, 1, 1, 0, 0, 0, 0, 0, 0, 0, 0, 0, 0, 0, 0, 0, 0, 0, 0, 0, 0, 0, 0, 1]}, "TTRating": {"xAxis": [0, 50, 100, 150, 200, 250, 300, 350, 400, 450, 500, 550, 600, 650, 700, 750, 800, 850, 900, 950, 1000, 1050, 1100, 1150, 1200, 1250, 1300, 1350, 1400, 1450, 1500, 1550, 1600, 1650, 1700, 1750, 1800, 1850, 1900, 1950, 2000, 2050, 2100, 2150, 2200, 2250, 2300, 2350, 2400, 2450, 2500, 2550], "D": [0, 0, 0, 0, 0, 0, 0, 0, 0, 1, 0, 1, 0, 2, 1, 4, 7, 12, 19, 40, 61, 120, 222, 391, 657, 415, 66, 5, 1, 1, 0, 0, 0, 0, 0, 0, 0, 0, 0, 0, 0, 0, 0, 0, 0, 0, 0, 0, 0, 0, 0, 0], "C": [0, 0, 0, 0, 0, 0, 0, 0, 0, 0, 0, 2, 1, 3, 3, 4, 8, 11, 20, 30, 49, 104, 156, 354, 512, 445, 86, 13, 8, 3, 3, 3, 0, 0, 0, 0, 0, 0, 0, 0, 0, 0, 0, 0, 0, 0, 0, 0, 0, 0, 0, 0, 1], "B": [0, 0, 0, 0, 0, 0, 0, 0, 0, 2, 0, 2, 0, 1, 5, 5, 9, 13, 14, 18, 37, 61, 84, 168, 270, 248, 49, 19, 8, 5, 2, 3, 0, 0, 0, 0, 0, 0, 0, 0, 0, 0, 0, 0, 0, 0, 1, 0, 0, 0, 0, 0], "A": [0, 0, 0, 0, 0, 0, 1, 0, 0, 0, 0, 3, 0, 2, 1, 5, 8, 5, 9, 18, 27, 41, 69, 72, 130, 148, 46, 14, 3, 9, 1, 1, 1, 2, 2, 1, 0, 2, 0, 0, 0, 0, 0, 0, 0, 0, 0, 0, 0, 0, 0, 0], "P": [0, 0, 0, 0, 0, 0, 0, 0, 0, 0, 0, 0, 0, 0, 0, 0, 0, 0, 0, 0, 0, 0, 0, 0, 0, 3, 8, 1, 0, 0, 0, 0, 0, 0, 1, 0, 0, 0, 0, 0, 0, 0, 1, 1, 0, 0, 0, 0, 0, 0, 0, 0]}, "IRatingPercent": {"xAxis": [0, 50, 100, 150, 200, 250, 300, 350, 400, 450, 500, 550, 600, 650, 700, 750, 800, 850, 900, 950, 1000, 1050, 1100, 1150, 1200, 1250, 1300, 1350, 1400, 1450, 1500, 1550, 1600, 1650, 1700, 1750, 1800, 1850, 1900, 1950, 2000, 2050, 2100, 2150, 2200, 2250, 2300, 2350, 2400, 2450, 2500, 2550, 2600, 2650, 2700, 2750, 2800, 2850, 2900, 2950, 3000, 3050, 3100, 3150, 3200, 3250, 3300, 3350, 3400, 3450, 3500, 3550, 3600, 3650, 3700, 3750, 3800, 3850, 3900, 3950, 4000, 4050, 4100, 4150, 4200, 4250, 4300, 4350, 4400, 4450, 4500, 4550, 4600, 4650, 4700, 4750, 4800, 4850, 4900, 4950, 5000, 5050, 5100, 5150, 5200, 5250, 5300, 5350, 5400, 5450, 5500, 5550, 5600, 5650, 5700, 5750, 5800, 5850, 5900, 5950, 6000, 6050, 6100, 6150, 6200, 6250, 6300, 6350, 6400, 6450, 6500, 6550, 6600, 6650, 6700, 6750, 6800, 6850, 6900, 6950, 7000, 7050, 7100, 7150, 7200, 7250, 7300, 7350, 7400, 7450, 7500, 7550, 7600, 7650, 7700, 7750, 7800, 7850, 7900, 7950, 8000, 8050, 8100, 8150, 8200, 8250, 8300, 8350, 8400, 8450, 8500, 8550, 8600, 8650, 8700],