{"racesDone": {"value": 36161, "total": 5755529}, "lapsDone": {"value": 945040, "total": 141439339}, "avgInc": {"value": 3.188256505085183, "delta": -0.0005138026680846508}, "avgIR": {"value": 1767, "delta": 4.980400957510483}, "avgTT": {"value": 1245, "delta": 0.4084056646870522}, "newRacers": {"value": 7571, "total": 135930, "delta": 521}, "licenseChange": {"D": {"total": 1579, "promoted": 269, "demoted": 4}, "C": {"total": 1511, "promoted": 61, "demoted": 9}, "B": {"total": 2030, "promoted": 41, "demoted": 17}, "A": {"total": 1824, "promoted": 18, "demoted": 10}, "P": {"total": 11, "promoted": 0, "demoted": 0}}, "awards": {"IR_up": {"name": "Daryn Stark", "from": 2527, "to": 3407}, "IR_down": {"name": "Stephen Graham", "from": 4121, "to": 3133}, "SR_up": {"name": "Nathaniel Lee", "from": "R 2.71", "to": "C 3.73"}, "SR_down": {"name": "Stephen Graham", "from": "A 4.99", "to": "A 2.16"}}, "country": {"AE": 2, "AR": 16, "AT": 3, "AU": 490, "BE": 6, "BG": 1, "BR": 9, "BY": 1, "CA": 344, "CH": 4, "CL": 1, "CO": 3, "CR": 1, "CZ": 3, "DE": 36, "DK": 3, "DO": 1, "ES": 31, "FI": 12, "FR": 33, "GB": 124, "GI": 1, "GR": 1, "HR": 1, "HU": 3, "IE": 1, "IT": 8, "JP": 13, "KW": 2, "LT": 1, "MT": 1, "MX": 3, "NL": 21, "NO": 3, "NZ": 125, "PE": 1, "PL": 4, "PR": 1, "PT": 4, "RO": 1, "RU": 7, "SE": 9, "SG": 2, "SK": 1, "TR": 4, "US": 6224, "UY": 1, "VN": 1, "VU": 1, "ZA": 2}, "dist": {"IRating": {"xAxis": [0, 50, 100, 150, 200, 250, 300, 350, 400, 450, 500, 550, 600, 650, 700, 750, 800, 850, 900, 950, 1000, 1050, 1100, 1150, 1200, 1250, 1300, 1350, 1400, 1450, 1500, 1550, 1600, 1650, 1700, 1750, 1800, 1850, 1900, 1950, 2000, 2050, 2100, 2150, 2200, 2250, 2300, 2350, 2400, 2450, 2500, 2550, 2600, 2650, 2700, 2750, 2800, 2850, 2900, 2950, 3000, 3050, 3100, 3150, 3200, 3250, 3300, 3350, 3400, 3450, 3500, 3550, 3600, 3650, 3700, 3750, 3800, 3850, 3900, 3950, 4000, 4050, 4100, 4150, 4200, 4250, 4300, 4350, 4400, 4450, 4500, 4550, 4600, 4650, 4700, 4750, 4800, 4850, 4900, 4950, 5000, 5050, 5100, 5150, 5200, 5250, 5300, 5350, 5400, 5450, 5500, 5550, 5600, 5650, 5700, 5750, 5800, 5850, 5900, 5950, 6000, 6050, 6100, 6150, 6200, 6250, 6300, 6350, 6400, 6450, 6500, 6550, 6600, 6650, 6700, 6750, 6800, 6850, 6900, 6950, 7000, 7050, 7100, 7150, 7200, 7250, 7300, 7350, 7400, 7450, 7500, 7550, 7600, 7650, 7700, 7750, 7800, 7850, 7900, 7950, 8000, 8050, 8100, 8150, 8200, 8250, 8300, 8350, 8400, 8450, 8500, 8550, 8600, 8650, 8700, 8750, 8800, 8850, 8900, 8950, 9000, 9050, 9100, 9150, 9200, 9250, 9300, 9350, 9400, 9450], "D": [0, 2, 14, 25, 22, 44, 47, 71, 99, 116, 161, 144, 196, 210, 252, 302, 364, 419, 436, 543, 769, 834, 1183, 1530, 2137, 2771, 3348, 3094, 2782, 2092, 1489, 952, 649, 360, 270, 155, 113, 81, 71, 45, 47, 41, 34, 22, 17, 11, 14, 13, 10, 7, 13, 6, 3, 8, 8, 8, 6, 2, 1, 4, 5, 3, 4, 3, 1, 4, 2, 2, 0, 1, 3, 1, 4, 4, 1, 1, 0, 0, 2, 0, 0, 0, 0, 0, 2, 0, 0, 0, 0, 1, 2, 0, 0, 1, 1, 0, 1, 0, 0, 0, 0, 0, 0, 0, 0, 0, 0, 1, 0, 0, 0, 0, 1, 0, 1, 0, 0, 0, 0, 0, 0, 0, 0, 0, 0, 0, 0, 0, 0, 0, 0, 0, 0, 0, 0, 0, 0, 0, 0, 0, 0, 0, 0, 0, 0, 0, 0, 0, 0, 0, 0, 0, 0, 0, 0, 0, 0, 0, 0, 0, 0, 0, 0, 0, 0, 0, 0, 0, 0, 0, 0, 0, 0, 0, 0, 0, 0, 0, 0, 0, 0, 0, 0, 0, 0, 0, 0, 0, 0, 0], "C": [0, 5, 6, 13, 26, 32, 40, 73, 98, 118, 146, 184, 203, 254, 305, 334, 413, 443, 530, 561, 673, 770, 848, 902, 1032, 1150, 1144, 1037, 1057, 798, 680, 532, 465, 340, 292, 210, 175, 141, 128, 102, 84, 72, 59, 43, 49, 46, 34, 27, 24, 17, 27, 18, 13, 5, 14, 10, 10, 8, 6, 5, 5, 3, 5, 5, 3, 5, 4, 5, 4, 2, 3, 3, 5, 1, 2, 1, 2, 1, 3, 1, 3, 1, 0, 0, 2, 0, 2, 0, 1, 0, 0, 2, 0, 0, 0, 0, 0, 0, 0, 0, 0, 0, 0, 0, 0, 0, 0, 0, 0, 0, 0, 0, 0, 0, 0, 0, 0, 0, 0, 0, 0, 0, 0, 0, 0, 0, 0, 0, 0, 0, 0, 0, 0, 0, 0, 0, 0, 0, 0, 0, 0, 0, 0, 0, 0, 0, 0, 0, 0, 0, 0, 0, 0, 0, 0, 0, 0, 0, 0, 0, 0, 0, 0, 0, 0, 0, 0, 0, 0, 0, 0, 0, 0, 0, 0, 0, 0, 0, 0, 0, 0, 0, 0, 0, 0, 0, 0, 0, 0, 0], "B": [0, 1, 1, 2, 11, 7, 10, 19, 26, 52, 60, 78, 119, 127, 140, 192, 246, 250, 310, 325, 408, 398, 496, 581, 598, 658, 743, 695, 666, 633, 625, 550, 496, 426, 364, 345, 300, 258, 236, 222, 189, 151, 157, 122, 123, 110, 83, 82, 91, 74, 61, 61, 45, 48, 34, 38, 42, 30, 32, 33, 24, 25, 27, 29, 23, 12, 18, 17, 17, 10, 15, 16, 10, 4, 8, 7, 14, 8, 14, 4, 10, 8, 10, 3, 5, 4, 4, 6, 3, 3, 5, 3, 0, 2, 1, 1, 2, 2, 1, 6, 3, 1, 1, 0, 2, 0, 0, 2, 2, 0, 0, 0, 0, 1, 2, 1, 1, 0, 0, 0, 0, 1, 0, 0, 0, 0, 0, 0, 0, 0, 0, 0, 1, 1, 0, 0, 0, 0, 0, 0, 1, 0, 0, 0, 0, 0, 0, 0, 0, 0, 0, 0, 0, 0, 0, 0, 0, 0, 0, 0, 0, 0, 0, 0, 0, 0, 0, 0, 0, 0, 0, 0, 0, 0, 0, 0, 0, 0, 0, 0, 0, 0, 0, 0, 0, 0, 0, 0, 0, 0], "A": [0, 1, 1, 0, 1, 2, 1, 6, 11, 12, 13, 10, 25, 25, 27, 37, 38, 53, 57, 73, 82, 125, 146, 141, 173, 223, 247, 236, 272, 240, 255, 228, 230, 241, 212, 197, 207, 181, 179, 162, 155, 148, 152, 135, 147, 126, 119, 103, 99, 109, 88, 105, 79, 57, 80, 81, 64, 48, 53, 55, 55, 54, 64, 48, 53, 34, 46, 40, 37, 34, 39, 42, 39, 38, 37, 25, 33, 20, 23, 31, 39, 29, 25, 21, 33, 27, 26, 21, 24, 27, 18, 15, 20, 21, 14, 14, 11, 13, 7, 7, 10, 19, 16, 8, 8, 9, 9, 15, 8, 14, 6, 11, 11, 7, 13, 9, 4, 7, 9, 4, 7, 10, 4, 2, 5, 4, 3, 5, 4, 3, 3, 0, 1, 3, 5, 0, 4, 0, 2, 3, 2, 2, 1, 1, 0, 3, 1, 3, 2, 2, 0, 1, 1, 0, 1, 1, 0, 2, 0, 0, 0, 0, 1, 0, 0, 1, 0, 1, 0, 1, 1, 0, 0, 0, 0, 0, 0, 0, 0, 0, 0, 0, 0, 0, 0, 0, 0, 0, 0, 0], "P": [0, 0, 0, 0, 0, 0, 0, 0, 0, 0, 0, 0, 0, 0, 0, 0, 0, 0, 0, 0, 0, 0, 0, 0, 0, 0, 0, 0, 0, 0, 0, 0, 0, 0, 0, 0, 0, 0, 0, 0, 0, 0, 0, 0, 0, 0, 0, 0, 0, 0, 0, 0, 0, 0, 0, 0, 0, 0, 0, 0, 0, 0, 0, 0, 0, 0, 0, 0, 0, 0, 0, 0, 0, 0, 0, 0, 0, 0, 0, 1, 0, 0, 0, 0, 1, 0, 0, 0, 0, 0, 0, 0, 0, 1, 0, 0, 1, 0, 0, 0, 0, 0, 1, 1, 0, 0, 0, 1, 1, 0, 0, 0, 0, 1, 0, 0, 0, 0, 0, 0, 1, 1, 0, 1, 1, 1, 0, 0, 0, 0, 0, 0, 1, 1, 0, 0, 0, 1, 0, 0, 0, 0, 0, 0, 0, 1, 0, 2, 0, 0, 0, 0, 2, 0, 1, 2, 0, 0, 0, 0, 0, 0, 0, 0, 0, 0, 0, 1, 1, 0, 0, 0, 0, 0, 0, 0, 0, 0, 0, 0, 0, 0, 1, 1, 0, 0, 0, 1, 0, 0, 1]}, "TTRating": {"xAxis": [0, 50, 100, 150, 200, 250, 300, 350, 400, 450, 500, 550, 600, 650, 700, 750, 800, 850, 900, 950, 1000, 1050, 1100, 1150, 1200, 1250, 1300, 1350, 1400, 1450, 1500, 1550, 1600, 1650, 1700, 1750, 1800, 1850, 1900, 1950, 2000, 2050, 2100, 2150, 2200, 2250], "D": [0, 0, 0, 0, 0, 0, 0, 0, 0, 0, 0, 0, 0, 0, 0, 1, 2, 7, 8, 10, 39, 100, 363, 1002, 1811, 544, 73, 11, 1, 0, 0, 0, 0, 0, 0, 1, 0, 0, 0, 0, 0, 0, 0, 0, 0, 0], "C": [0, 0, 0, 0, 0, 0, 0, 1, 0, 0, 0, 0, 2, 1, 5, 1, 6, 11, 16, 17, 47, 84, 233, 690, 1430, 1251, 365, 59, 18, 9, 4, 3, 0, 2, 0, 0, 0, 1, 0, 0, 0, 0, 0, 0, 0, 0], "B": [0, 0, 0, 0, 0, 0, 0, 0, 0, 0, 0, 0, 2, 1, 5, 7, 3, 12, 17, 31, 48, 97, 268, 617, 1373, 1412, 599, 140, 51, 36, 16, 11, 9, 3, 2, 3, 1, 1, 1, 0, 1, 0, 0, 0, 0, 0], "A": [0, 0, 0, 0, 0, 0, 0, 0, 0, 1, 1, 0, 1, 1, 0, 6, 8, 7, 21, 33, 55, 93, 182, 404, 864, 1016, 600, 197, 132, 102, 67, 53, 40, 21, 13, 9, 14, 4, 8, 3, 2, 1, 2, 2, 2, 0, 1], "P": [0, 0, 0, 0, 0, 0, 0, 0, 0, 0, 0, 0, 0, 0, 0, 0, 0, 0, 0, 0, 0, 0, 0, 0, 0, 2, 6, 7, 4, 2, 0, 0, 0, 0, 0, 0, 0, 0, 0, 0, 0, 0, 0, 0, 0, 0]},