{"racesDone": {"value": 9988, "total": 1630753}, "lapsDone": {"value": 86980, "total": 13956632}, "avgInc": {"value": 2.5024504561182797, "delta": -0.10842717835797222}, "avgIR": {"value": 1670, "delta": 8.886717014660235}, "avgTT": {"value": 1187, "delta": -1.1388888888889142}, "newRacers": {"value": 3179, "total": 158566, "delta": 657}, "licenseChange": {"D": {"total": 1315, "promoted": 252, "demoted": 0}, "C": {"total": 643, "promoted": 39, "demoted": 1}, "B": {"total": 344, "promoted": 24, "demoted": 0}, "A": {"total": 203, "promoted": 8, "demoted": 3}, "P": {"total": 0, "promoted": 0, "demoted": 0}}, "awards": {"IR_up": {"name": "Jeremy Bouchee", "from": 1574, "to": 2951}, "IR_down": {"name": "Robby Lerille", "from": 4345, "to": 3991}, "SR_up": {"name": "Logan Rumsey", "from": "R 2.70", "to": "B 3.55"}, "SR_down": {"name": "Adam Velie", "from": "A 3.41", "to": "A 2.14"}}, "country": {"AD": 6, "AE": 1, "AR": 41, "AT": 9, "AU": 198, "BE": 29, "BG": 1, "BR": 29, "BY": 1, "CA": 207, "CH": 11, "CL": 4, "CN": 1, "CY": 1, "CZ": 12, "DE": 84, "DK": 10, "DO": 1, "EE": 3, "EG": 1, "ES": 116, "FI": 45, "FR": 104, "GB": 173, "GI": 1, "GR": 2, "GT": 1, "HK": 2, "HN": 1, "HR": 1, "HU": 11, "IE": 9, "IL": 1, "IT": 37, "JP": 12, "KR": 6, "KZ": 1, "LT": 3, "LU": 2, "LV": 1, "MC": 2, "MV": 1, "MX": 9, "NL": 41, "NO": 29, "NZ": 54, "PE": 1, "PL": 12, "PR": 1, "PT": 15, "RE": 1, "RO": 1, "RS": 1, "RU": 14, "SE": 26, "SG": 3, "SK": 3, "SM": 1, "TH": 2, "TR": 4, "UA": 1, "US": 1767, "UY": 3, "VN": 1, "ZA": 7}, "dist": {"IRating": {"xAxis": [0, 50, 100, 150, 200, 250, 300, 350, 400, 450, 500, 550, 600, 650, 700, 750, 800, 850, 900, 950, 1000, 1050, 1100, 1150, 1200, 1250, 1300, 1350, 1400, 1450, 1500, 1550, 1600, 1650, 1700, 1750, 1800, 1850, 1900, 1950, 2000, 2050, 2100, 2150, 2200, 2250, 2300, 2350, 2400, 2450, 2500, 2550, 2600, 2650, 2700, 2750, 2800, 2850, 2900, 2950, 3000, 3050, 3100, 3150, 3200, 3250, 3300, 3350, 3400, 3450, 3500, 3550, 3600, 3650, 3700, 3750, 3800, 3850, 3900, 3950, 4000, 4050, 4100, 4150, 4200, 4250, 4300, 4350, 4400, 4450, 4500, 4550, 4600, 4650, 4700, 4750, 4800, 4850, 4900, 4950, 5000, 5050, 5100, 5150, 5200, 5250, 5300, 5350, 5400, 5450, 5500, 5550, 5600, 5650, 5700, 5750, 5800, 5850, 5900, 5950, 6000, 6050, 6100, 6150, 6200, 6250, 6300, 6350, 6400, 6450, 6500, 6550, 6600, 6650, 6700, 6750, 6800, 6850, 6900, 6950, 7000, 7050, 7100, 7150, 7200, 7250, 7300, 7350, 7400, 7450, 7500, 7550, 7600, 7650, 7700, 7750, 7800, 7850, 7900, 7950, 8000, 8050, 8100, 8150, 8200, 8250, 8300, 8350, 8400, 8450, 8500, 8550, 8600, 8650], "D": [0, 0, 1, 0, 1, 2, 2, 6, 5, 9, 6, 17, 29, 36, 53, 73, 102, 151, 209, 291, 481, 672, 1065, 1635, 2457, 3245, 4322, 4621, 4708, 3947, 3112, 1983, 1399, 833, 577, 342, 243, 191, 131, 104, 83, 57, 49, 41, 40, 23, 28, 17, 21, 13, 15, 10, 16, 11, 10, 8, 3, 6, 2, 4, 5, 5, 6, 3, 2, 3, 1, 1, 2, 2, 2, 2, 5, 1, 1, 0, 2, 0, 2, 1, 0, 0, 1, 0, 1, 0, 3, 0, 1, 0, 0, 1, 1, 0, 1, 0, 1, 0, 0, 2, 0, 1, 0, 0, 0, 0, 0, 0, 0, 0, 0, 0, 0, 0, 0, 0, 0, 0, 0, 0, 0, 0, 0, 0, 0, 0, 0, 0, 0, 0, 0, 0, 0, 0, 0, 0, 0, 0, 0, 0, 0, 0, 0, 0, 0, 0, 0, 0, 0, 0, 0, 0, 0, 0, 0, 0, 0, 0, 0, 0, 0, 0, 0, 0, 0, 0, 0, 0, 0, 0, 0, 0, 0, 0], "C": [0, 0, 0, 0, 0, 0, 3, 2, 1, 2, 6, 6, 10, 21, 24, 41, 44, 58, 86, 98, 156, 187, 273, 416, 558, 678, 770, 821, 853, 810, 768, 673, 617, 453, 382, 372, 276, 241, 212, 183, 143, 125, 117, 108, 97, 77, 86, 75, 59, 42, 42, 45, 48, 41, 33, 28, 24, 15, 30, 18, 21, 16, 17, 15, 16, 19, 11, 21, 8, 11, 8, 10, 11, 10, 5, 6, 7, 8, 3, 6, 8, 4, 7, 4, 7, 4, 3, 1, 3, 6, 1, 1, 1, 2, 5, 2, 1, 1, 1, 3, 3, 3, 3, 1, 1, 1, 1, 0, 1, 2, 0, 0, 4, 1, 1, 0, 0, 0, 0, 0, 0, 0, 0, 0, 0, 0, 0, 0, 0, 0, 0, 0, 0, 0, 0, 0, 0, 0, 0, 0, 0, 0, 0, 0, 0, 0, 0, 0, 0, 0, 0, 0, 0, 0, 0, 0, 0, 0, 0, 0, 0, 0, 0, 0, 0, 0, 0, 0, 0, 0, 0, 0, 0, 0], "B": [0, 0, 0, 0, 0, 0, 0, 1, 0, 1, 1, 5, 6, 1, 4, 4, 10, 10, 10, 13, 32, 32, 40, 56, 69, 91, 107, 100, 105, 112, 105, 103, 97, 67, 81, 54, 58, 40, 50, 54, 49, 25, 51, 50, 27, 30, 27, 22, 23, 27, 21, 15, 14, 21, 21, 16, 13, 12, 6, 15, 4, 8, 11, 12, 11, 4, 11, 2, 5, 4, 7, 5, 7, 8, 4, 4, 4, 3, 6, 5, 5, 4, 6, 5, 2, 1, 6, 2, 5, 2, 2, 2, 2, 3, 3, 0, 2, 1, 4, 0, 1, 1, 0, 0, 2, 3, 4, 0, 0, 0, 1, 1, 0, 1, 1, 0, 0, 0, 0, 0, 0, 2, 0, 0, 1, 1, 1, 1, 0, 1, 1, 0, 0, 0, 0, 0, 0, 1, 0, 0, 0, 0, 0, 0, 0, 0, 0, 0, 0, 0, 0, 0, 0, 0, 0, 0, 1, 0, 0, 0, 0, 0, 0, 0, 0, 0, 0, 0, 0, 0, 0, 0, 0, 0], "A": [0, 0, 0, 0, 0, 0, 0, 0, 0, 1, 0, 1, 1, 2, 2, 2, 1, 5, 2, 6, 10, 7, 16, 12, 25, 32, 28, 35, 41, 37, 28, 28, 24, 33, 32, 23, 21, 14, 17, 19, 20, 10, 22, 13, 21, 16, 10, 11, 14, 11, 14, 9, 9, 10, 8, 9, 4, 10, 9, 7, 7, 7, 6, 5, 8, 4, 11, 2, 3, 5, 6, 6, 6, 3, 5, 12, 3, 6, 3, 4, 5, 6, 2, 0, 4, 4, 4, 5, 4, 3, 3, 5, 1, 1, 4, 5, 4, 5, 3, 0, 2, 1, 6, 3, 2, 1, 4, 2, 0, 0, 3, 2, 1, 1, 0, 2, 1, 1, 2, 0, 0, 0, 1, 2, 0, 1, 0, 1, 0, 1, 0, 0, 1, 1, 1, 0, 0, 0, 0, 1, 0, 0, 0, 0, 0, 1, 0, 0, 1, 0, 0, 0, 0, 0, 0, 2, 0, 0, 0, 0, 1, 0, 0, 0, 0, 0, 0, 0, 0, 0, 0, 1, 0, 0], "P": [0, 0, 0, 0, 0, 0, 0, 0, 0, 0, 0, 0, 0, 0, 0, 0, 0, 0, 0, 0, 0, 0, 0, 0, 0, 0, 0, 0, 0, 0, 0, 0, 0, 0, 0, 0, 0, 0, 0, 0, 0, 0, 0, 0, 0, 0, 0, 0, 0, 0, 0, 0, 0, 0, 0, 0, 0, 0, 0, 0, 0, 0, 0, 0, 0, 0, 0, 0, 0, 0, 0, 0, 0, 0, 0, 0, 0, 0, 0, 0, 0, 0, 0, 0, 1, 0, 0, 0, 0, 0, 0, 0, 0, 0, 0, 0, 0, 0, 0, 0, 0, 1, 0, 0, 0, 0, 1, 1, 0, 0, 0, 0, 0, 0, 0, 0, 1, 1, 0, 2, 0, 1, 0, 1, 0, 0, 0, 1, 0, 0, 1, 0, 2, 0, 0, 0, 0, 0, 0, 0, 1, 0, 0, 1, 1, 0, 1, 0, 0, 0, 0, 0, 1, 0, 0, 0, 0, 0, 0, 0, 0, 0, 0, 0, 0, 0, 0, 0, 0, 0, 0, 0, 0, 0, 1]}, "TTRating": {"xAxis": [0, 50, 100, 150, 200, 250, 300, 350, 400, 450, 500, 550, 600, 650, 700, 750, 800, 850, 900, 950, 1000, 1050, 1100, 1150, 1200, 1250, 1300, 1350, 1400, 1450, 1500, 1550, 1600, 1650, 1700, 1750, 1800, 1850, 1900, 1950, 2000, 2050, 2100, 2150, 2200, 2250, 2300, 2350, 2400, 2450, 2500, 2550], "D": [0, 0, 0, 0, 0, 0, 0, 0, 0, 1, 0, 1, 0, 2, 1, 4, 7, 13, 18, 40, 62, 121, 227, 397, 672, 422, 67, 6, 1, 1, 0, 0, 0, 0, 0, 0, 0, 0, 0, 0, 0, 0, 0, 0, 0, 0, 0, 0, 0, 0, 0, 0], "C": [0, 0, 0, 0, 0, 0, 0, 0, 0, 0, 0, 2, 1, 3, 3, 4, 8, 11, 19, 30, 50, 110, 156, 361, 514, 460, 88, 13, 8, 3, 3, 3, 0, 0, 0, 0, 0, 0, 0, 0, 0, 0, 0, 0, 0, 0, 0, 0, 0, 0, 0, 0, 1], "B": [0, 0, 0, 0, 0, 0, 0, 0, 0, 2, 0, 2, 0, 1, 5, 5, 9, 10, 15, 24, 37, 60, 83, 167, 282, 247, 53, 20, 8, 5, 2, 3, 0, 0, 0, 0, 0, 0, 0, 0, 0, 0, 0, 0, 0, 0, 1, 0, 0, 0, 0, 0], "A": [0, 0, 0, 0, 0, 0, 1, 0, 0, 0, 0, 3, 0, 2, 1, 5, 8, 7, 10, 18, 25, 42, 72, 74, 135, 151, 50, 15, 3, 8, 2, 2, 1, 2, 2, 1, 0, 2, 0, 0, 0, 0, 0, 0, 0, 0, 0, 0, 0, 0, 0, 0], "P": [0, 0, 0, 0, 0, 0, 0, 0, 0, 0, 0, 0, 0, 0, 0, 0, 0, 0, 0, 0, 0, 0, 0, 0, 0, 3, 5, 1, 0, 0, 0, 0, 0, 0, 1, 0, 0, 0, 0, 0, 0, 0, 1, 1, 0, 0, 0, 0, 0, 0, 0, 0]}, "IRatingPercent": {"xAxis": [0, 50, 100, 150, 200, 250, 300, 350, 400, 450, 500, 550, 600, 650, 700, 750, 800, 850, 900, 950, 1000, 1050, 1100, 1150, 1200, 1250, 1300, 1350, 1400, 1450, 1500, 1550, 1600, 1650, 1700, 1750, 1800, 1850, 1900, 1950, 2000, 2050, 2100, 2150, 2200, 2250, 2300, 2350, 2400, 2450, 2500, 2550, 2600, 2650, 2700, 2750, 2800, 2850, 2900, 2950, 3000, 3050, 3100, 3150, 3200, 3250, 3300, 3350, 3400, 3450, 3500, 3550, 3600, 3650, 3700, 3750, 3800, 3850, 3900, 3950, 4000, 4050, 4100, 4150, 4200, 4250, 4300, 4350, 4400, 4450, 4500, 4550, 4600, 4650, 4700, 4750, 4800, 4850, 4900, 4950, 5000, 5050, 5100, 5150, 5200, 5250, 5300, 5350, 5400, 5450, 5500, 5550, 5600, 5650, 5700, 5750, 5800, 5850, 5900, 5950, 6000, 6050, 6100, 6150, 6200, 6250, 6300, 6350, 6400, 6450, 6500, 6550, 6600, 6650, 6700, 6750, 6800, 6850, 6900, 6950, 7000, 7050, 7100, 7150, 7200, 7250, 7300, 7350, 7400, 7450, 7500, 7550, 7600, 7650, 7700, 7750, 7800, 7850, 7900, 7950, 8000, 8050, 8100, 8150, 8200, 8250, 8300, 8350, 8400, 8450, 8500, 8550, 8600, 8650, 8700],