{"racesDone": {"value": 69759, "total": 28261051}, "lapsDone": {"value": 2776383, "total": 1096569338}, "avgInc": {"value": 4.902174483663743, "delta": -0.14816743800513432}, "avgIR": {"value": 1719, "delta": 5.058805105316651}, "avgTT": {"value": 1251, "delta": -3.170068027211073}, "newRacers": {"value": 14477, "total": 317311, "delta": 997}, "licenseChange": {"D": {"total": 3149, "promoted": 395, "demoted": 0}, "C": {"total": 2021, "promoted": 245, "demoted": 12}, "B": {"total": 2803, "promoted": 182, "demoted": 52}, "A": {"total": 5199, "promoted": 113, "demoted": 0}, "P": {"total": 8, "promoted": 0, "demoted": 0}}, "awards": {"IR_up": {"name": "Michael Romanidis", "from": 5167, "to": 6265}, "IR_down": {"name": "Ashley Prinsen", "from": 1938, "to": 773}, "SR_up": {"name": "Judith Cooper", "from": "D 2.76", "to": "B 4.72"}, "SR_down": {"name": "Tommy Helly", "from": "A 4.47", "to": "B 1.22"}}, "country": {"AD": 11, "AE": 5, "AM": 1, "AR": 89, "AS": 1, "AT": 30, "AU": 474, "BE": 47, "BG": 3, "BH": 1, "BN": 1, "BR": 183, "BY": 4, "CA": 906, "CH": 41, "CL": 22, "CN": 1, "CO": 17, "CR": 1, "CZ": 20, "DE": 287, "DK": 31, "DO": 3, "EC": 1, "EE": 5, "EG": 1, "ER": 1, "ES": 337, "FI": 49, "FR": 214, "GB": 495, "GI": 4, "GP": 1, "GR": 5, "HK": 5, "HN": 1, "HR": 1, "HU": 23, "ID": 2, "IE": 29, "IL": 3, "IM": 2, "IN": 3, "IS": 1, "IT": 84, "JE": 1, "JP": 46, "KR": 6, "KZ": 1, "LT": 8, "LU": 2, "LV": 3, "MA": 1, "MC": 4, "MD": 1, "MQ": 1, "MT": 1, "MX": 32, "MY": 2, "NL": 121, "NO": 24, "NZ": 106, "PA": 1, "PE": 5, "PH": 1, "PL": 38, "PR": 2, "PT": 52, "RE": 1, "RO": 3, "RS": 1, "RU": 92, "SC": 1, "SE": 42, "SG": 5, "SI": 2, "SK": 4, "TH": 3, "TR": 24, "UA": 14, "US": 10359, "UY": 5, "VI": 2, "VN": 1, "ZA": 13}, "dist": {"IRating": {"xAxis": [0, 50, 100, 150, 200, 250, 300, 350, 400, 450, 500, 550, 600, 650, 700, 750, 800, 850, 900, 950, 1000, 1050, 1100, 1150, 1200, 1250, 1300, 1350, 1400, 1450, 1500, 1550, 1600, 1650, 1700, 1750, 1800, 1850, 1900, 1950, 2000, 2050, 2100, 2150, 2200, 2250, 2300, 2350, 2400, 2450, 2500, 2550, 2600, 2650, 2700, 2750, 2800, 2850, 2900, 2950, 3000, 3050, 3100, 3150, 3200, 3250, 3300, 3350, 3400, 3450, 3500, 3550, 3600, 3650, 3700, 3750, 3800, 3850, 3900, 3950, 4000, 4050, 4100, 4150, 4200, 4250, 4300, 4350, 4400, 4450, 4500, 4550, 4600, 4650, 4700, 4750, 4800, 4850, 4900, 4950, 5000, 5050, 5100, 5150, 5200, 5250, 5300, 5350, 5400, 5450, 5500, 5550, 5600, 5650, 5700, 5750, 5800, 5850, 5900, 5950, 6000, 6050, 6100, 6150, 6200, 6250, 6300, 6350, 6400, 6450, 6500, 6550, 6600, 6650, 6700, 6750, 6800, 6850, 6900, 6950, 7000, 7050, 7100, 7150, 7200, 7250, 7300, 7350, 7400, 7450, 7500, 7550, 7600, 7650, 7700, 7750, 7800, 7850, 7900, 7950, 8000, 8050, 8100, 8150, 8200, 8250, 8300, 8350, 8400, 8450, 8500, 8550, 8600, 8650, 8700, 8750, 8800, 8850, 8900, 8950, 9000, 9050, 9100, 9150, 9200, 9250, 9300, 9350, 9400, 9450, 9500, 9550, 9600, 9650, 9700, 9750, 9800, 9850, 9900, 9950, 10000, 10050, 10100, 10150, 10200, 10250, 10300, 10350, 10400, 10450, 10500, 10550, 10600, 10650, 10700, 10750], "D": [2, 6, 28, 34, 68, 107, 169, 230, 271, 345, 400, 504, 604, 686, 787, 800, 1045, 1155, 1387, 1511, 1887, 2216, 2773, 3531, 4550, 5415, 6121, 6159, 6268, 5264, 4451, 3086, 2358, 1624, 1245, 857, 669, 507, 393, 280, 246, 174, 166, 110, 107, 76, 68, 62, 67, 39, 44, 37, 32, 28, 27, 24, 28, 21, 14, 12, 11, 16, 15, 10, 7, 14, 6, 3, 5, 6, 5, 6, 2, 7, 2, 6, 1, 3, 2, 4, 1, 1, 1, 1, 1, 2, 0, 0, 0, 3, 2, 0, 5, 2, 1, 1, 2, 0, 1, 0, 2, 0, 0, 0, 0, 1, 1, 0, 1, 0, 0, 0, 0, 0, 0, 0, 0, 0, 0, 0, 1, 0, 0, 0, 0, 0, 0, 0, 0, 0, 0, 0, 0, 0, 0, 0, 0, 0, 0, 0, 0, 0, 0, 0, 0, 0, 0, 0, 0, 0, 0, 0, 0, 0, 0, 0, 0, 0, 0, 0, 0, 0, 0, 0, 0, 0, 0, 0, 0, 0, 0, 0, 0, 0, 0, 0, 0, 0, 0, 0, 0, 0, 0, 0, 0, 0, 0, 0, 0, 0, 0, 0, 0, 0, 0, 0, 0, 0, 0, 0, 0, 0, 0, 0, 0, 0, 0, 0, 0, 0, 0, 0, 0, 0, 0, 0], "C": [1, 4, 10, 16, 30, 48, 86, 114, 180, 219, 302, 340, 423, 399, 545, 517, 636, 748, 790, 845, 977, 1070, 1277, 1393, 1547, 1552, 1740, 1596, 1565, 1305, 1327, 1044, 952, 666, 599, 512, 452, 328, 281, 232, 207, 149, 123, 120, 98, 80, 68, 59, 53, 39, 43, 42, 25, 28, 19, 27, 23, 22, 16, 12, 18, 11, 13, 14, 17, 9, 6, 5, 7, 9, 5, 2, 5, 5, 3, 4, 4, 6, 5, 2, 2, 3, 3, 2, 5, 2, 1, 3, 0, 2, 2, 1, 0, 1, 1, 3, 0, 3, 0, 0, 0, 1, 2, 0, 1, 0, 0, 0, 0, 0, 0, 0, 0, 0, 0, 0, 0, 0, 0, 0, 0, 0, 0, 0, 0, 0, 0, 0, 0, 0, 0, 0, 0, 0, 0, 0, 0, 0, 0, 0, 0, 0, 0, 0, 0, 0, 0, 0, 0, 0, 0, 0, 0, 0, 0, 0, 0, 0, 0, 0, 0, 0, 0, 0, 0, 0, 0, 0, 0, 0, 0, 0, 0, 0, 0, 0, 0, 0, 0, 0, 0, 0, 0, 0, 0, 0, 0, 0, 0, 0, 0, 0, 0, 0, 0, 0, 0, 0, 0, 0, 0, 0, 0, 0, 0, 0, 0, 0, 0, 0, 0, 0, 0, 0, 0, 0], "B": [0, 2, 7, 15, 21, 30, 57, 86, 109, 174, 212, 272, 317, 379, 480, 528, 617, 700, 776, 858, 900, 959, 1151, 1106, 1267, 1277, 1358, 1272, 1411, 1222, 1199, 1127, 1034, 958, 867, 828, 671, 558, 574, 453, 446, 369, 349, 286, 256, 225, 209, 178, 173, 158, 145, 104, 120, 97, 97, 87, 82, 74, 53, 49, 46, 53, 42, 31, 40, 32, 33, 25, 31, 25, 23, 26, 22, 26, 21, 15, 18, 20, 11, 17, 16, 14, 13, 15, 4, 10, 5, 6, 10, 6, 6, 7, 5, 4, 4, 3, 6, 6, 7, 5, 6, 2, 4, 7, 2, 2, 4, 1, 2, 1, 2, 1, 2, 0, 0, 1, 0, 1, 2, 0, 0, 0, 0, 0, 0, 0, 0, 0, 0, 0, 0, 0, 0, 0, 0, 0, 0, 0, 0, 0, 0, 2, 0, 0, 0, 0, 0, 0, 0, 1, 0, 0, 0, 0, 0, 0, 0, 0, 0, 0, 0, 0, 0, 0, 0, 0, 0, 0, 0, 0, 0, 0, 0, 0, 0, 0, 0, 0, 0, 0, 0, 0, 0, 0, 0, 0, 0, 0, 0, 0, 0, 0, 0, 0, 0, 0, 0, 0, 0, 0, 0, 0, 0, 0, 0, 0, 0, 0, 0, 0, 0, 0, 0, 0, 0, 0], "A": [2, 4, 3, 3, 10, 9, 28, 30, 54, 57, 101, 114, 180, 227, 247, 312, 382, 436, 509, 574, 684, 722, 830, 901, 955, 1024, 1154, 1124, 1167, 1155, 1251, 1204, 1213, 1215, 1146, 1040, 1023, 980, 931, 901, 913, 847, 833, 723, 709, 620, 631, 564, 491, 497, 446, 431, 395, 345, 367, 320, 303, 269, 254, 233, 262, 245, 224, 200, 212, 195, 202, 177, 172, 157, 150, 136, 148, 145, 122, 105, 114, 104, 118, 102, 106, 101, 121, 101, 73, 88, 77, 68, 78, 58, 64, 70, 63, 64, 54, 51, 43, 43, 47, 45, 58, 43, 40, 39, 35, 36, 34, 27, 29, 30, 22, 16, 22, 28, 31, 14, 21, 16, 24, 31, 22, 21, 13, 16, 17, 18, 18, 12, 13, 15, 7, 10, 14, 10, 11, 7, 4, 1, 3, 1, 9, 5, 8, 4, 7, 7, 1, 2, 2, 0, 3, 2, 3, 7, 5, 1, 2, 1, 3, 2, 1, 2, 2, 0, 1, 0, 0, 0, 0, 1, 0, 1, 1, 2, 1, 0, 0, 0, 0, 0, 0, 0, 0, 0, 0, 0, 0, 0, 0, 0, 1, 0, 0, 0, 0, 0, 0, 0, 0, 0, 1, 0, 0, 0, 1, 0, 0, 0, 0, 0, 0, 0, 0, 0, 0, 2, 1], "P": [0, 0, 0, 0, 0, 0, 0, 0, 0, 0, 0, 0, 0, 0, 0, 0, 0, 0, 0, 0, 0, 0, 0, 0, 0, 0, 0, 0, 0, 0, 0, 0, 0, 0, 0, 0, 0, 0, 0, 0, 0, 0, 0, 0, 0, 0, 0, 0, 0, 0, 0, 0, 0, 0, 0, 1, 0, 0, 0, 0, 0, 0, 0, 0, 0, 0, 0, 0, 0, 0, 0, 0, 0, 0, 0, 0, 0, 0, 0, 0, 0, 0, 0, 0, 0, 0, 0, 0, 0, 0, 0, 0, 0, 0, 0, 0, 0, 0, 0, 0, 0, 0, 0, 0, 0, 0, 0, 0, 0, 0, 0, 0, 0, 0, 0, 0, 0, 1, 0, 0, 0, 0, 0, 2, 0, 0, 0, 0, 1, 0, 1, 1, 1, 2, 0, 0, 0, 2, 1, 2, 1, 2, 1, 3, 1, 0, 0, 0, 0, 2, 1, 2, 3, 1, 2, 0, 1, 1, 0, 0, 2, 2, 0, 0, 1, 2, 0, 0, 0, 0, 0, 0, 1, 1, 0, 0, 0, 0, 1, 0, 1, 0, 0, 0, 0, 0, 0, 1, 0, 0, 1, 0, 0, 0, 0, 0, 0, 0, 0, 0, 0, 0, 0, 0, 0, 0, 0, 0, 0, 0, 0, 0, 0, 0, 0, 0]}, "TTRating": {"xAxis": [0, 50, 100, 150, 200, 250, 300, 350, 400, 450, 500, 550, 600, 650, 700, 750, 800, 850, 900, 950, 1000, 1050, 1100, 1150, 1200, 1250, 1300, 1350, 1400, 1450, 1500, 1550, 1600, 1650, 1700, 1750, 1800, 1850, 1900, 1950, 2000, 2050, 2100, 2150, 2200, 2250, 2300, 2350, 2400, 2450, 2500, 2550, 2600, 2650, 2700, 2750, 2800, 2850, 2900, 2950, 3000, 3050, 3100, 3150, 3200, 3250, 3300], "D": [0, 0, 0, 0, 0, 0, 0, 0, 6, 3, 4, 2, 5, 6, 15, 23, 22, 51, 30, 84, 139, 259, 477, 969, 2617, 6406, 11253, 2601, 212, 51, 9, 9, 885, 2, 1, 1, 0, 1, 1, 0, 0, 0, 0, 0, 0, 0, 0, 0, 0, 0, 0, 0, 0, 0, 0, 0, 0, 0, 0, 0, 0, 0, 0, 0, 0, 0, 0], "C": [0, 0, 0, 0, 1, 0, 1, 1, 2, 3, 1, 2, 2, 11, 20, 26, 64, 55, 68, 103, 203, 312, 592, 996, 1973, 3309, 4430, 1668, 429, 159, 83, 34, 131, 8, 4, 2, 2, 2, 3, 1, 0, 0, 0, 0, 0, 0, 0, 0, 0, 0, 0, 0, 0, 0, 0, 0, 0, 0, 0, 0, 0, 0, 0, 0, 0, 0, 0],