{"racesDone": {"value": 83499, "total": 28191292}, "lapsDone": {"value": 3445386, "total": 1093792955}, "avgInc": {"value": 4.827397486975193, "delta": -0.047851670242105016}, "avgIR": {"value": 1823, "delta": 4.234873978435417}, "avgTT": {"value": 1256, "delta": 0.4178176795580839}, "newRacers": {"value": 16315, "total": 316314, "delta": 982}, "licenseChange": {"D": {"total": 2497, "promoted": 375, "demoted": 4}, "C": {"total": 1976, "promoted": 165, "demoted": 13}, "B": {"total": 2949, "promoted": 156, "demoted": 30}, "A": {"total": 7500, "promoted": 209, "demoted": 0}, "P": {"total": 24, "promoted": 0, "demoted": 0}}, "awards": {"IR_up": {"name": "Charlton Milley", "from": 1882, "to": 3519}, "IR_down": {"name": "Scott W Lamp", "from": 4037, "to": 2711}, "SR_up": {"name": "George Birbeck", "from": "R 2.72", "to": "B 4.17"}, "SR_down": {"name": "Robert Frankland", "from": "B 4.19", "to": "B 1.10"}}, "country": {"AD": 10, "AE": 4, "AR": 83, "AT": 23, "AU": 406, "BE": 53, "BG": 2, "BN": 2, "BR": 205, "BY": 7, "CA": 984, "CH": 39, "CL": 26, "CN": 1, "CO": 12, "CR": 2, "CZ": 22, "DE": 294, "DK": 27, "EC": 2, "EE": 3, "EG": 1, "ES": 346, "FI": 48, "FO": 1, "FR": 214, "GB": 449, "GI": 6, "GP": 1, "GR": 6, "HK": 7, "HR": 2, "HU": 22, "ID": 2, "IE": 22, "IL": 4, "IN": 3, "IT": 78, "JE": 2, "JP": 50, "KR": 7, "KZ": 1, "LI": 1, "LT": 4, "LU": 2, "LV": 3, "MC": 9, "MD": 1, "MQ": 1, "MT": 1, "MX": 42, "MY": 2, "NL": 134, "NO": 25, "NZ": 100, "PA": 2, "PE": 3, "PH": 2, "PL": 31, "PR": 2, "PT": 54, "PY": 1, "RO": 8, "RU": 86, "SA": 1, "SE": 52, "SG": 11, "SI": 2, "SK": 5, "TH": 3, "TR": 17, "UA": 12, "US": 12200, "UY": 7, "VI": 3, "VN": 1, "VU": 1, "ZA": 7}, "dist": {"IRating": {"xAxis": [0, 50, 100, 150, 200, 250, 300, 350, 400, 450, 500, 550, 600, 650, 700, 750, 800, 850, 900, 950, 1000, 1050, 1100, 1150, 1200, 1250, 1300, 1350, 1400, 1450, 1500, 1550, 1600, 1650, 1700, 1750, 1800, 1850, 1900, 1950, 2000, 2050, 2100, 2150, 2200, 2250, 2300, 2350, 2400, 2450, 2500, 2550, 2600, 2650, 2700, 2750, 2800, 2850, 2900, 2950, 3000, 3050, 3100, 3150, 3200, 3250, 3300, 3350, 3400, 3450, 3500, 3550, 3600, 3650, 3700, 3750, 3800, 3850, 3900, 3950, 4000, 4050, 4100, 4150, 4200, 4250, 4300, 4350, 4400, 4450, 4500, 4550, 4600, 4650, 4700, 4750, 4800, 4850, 4900, 4950, 5000, 5050, 5100, 5150, 5200, 5250, 5300, 5350, 5400, 5450, 5500, 5550, 5600, 5650, 5700, 5750, 5800, 5850, 5900, 5950, 6000, 6050, 6100, 6150, 6200, 6250, 6300, 6350, 6400, 6450, 6500, 6550, 6600, 6650, 6700, 6750, 6800, 6850, 6900, 6950, 7000, 7050, 7100, 7150, 7200, 7250, 7300, 7350, 7400, 7450, 7500, 7550, 7600, 7650, 7700, 7750, 7800, 7850, 7900, 7950, 8000, 8050, 8100, 8150, 8200, 8250, 8300, 8350, 8400, 8450, 8500, 8550, 8600, 8650, 8700, 8750, 8800, 8850, 8900, 8950, 9000, 9050, 9100, 9150, 9200, 9250, 9300, 9350, 9400, 9450, 9500, 9550, 9600, 9650, 9700, 9750, 9800, 9850, 9900, 9950, 10000, 10050, 10100, 10150, 10200, 10250, 10300, 10350, 10400, 10450, 10500, 10550, 10600, 10650, 10700, 10750], "D": [2, 7, 27, 37, 67, 100, 166, 230, 274, 340, 408, 503, 577, 698, 796, 813, 1033, 1147, 1383, 1510, 1883, 2194, 2757, 3504, 4541, 5373, 6136, 6130, 6242, 5278, 4416, 3064, 2359, 1616, 1253, 860, 667, 507, 392, 276, 243, 171, 161, 108, 107, 78, 69, 62, 65, 36, 44, 38, 36, 27, 26, 24, 28, 22, 15, 12, 10, 17, 14, 10, 7, 12, 7, 3, 5, 7, 6, 5, 1, 7, 2, 6, 2, 3, 2, 4, 1, 1, 1, 1, 1, 2, 0, 0, 0, 3, 2, 0, 5, 3, 1, 1, 2, 0, 1, 0, 2, 0, 0, 0, 0, 1, 1, 0, 1, 0, 0, 0, 0, 0, 0, 0, 0, 0, 0, 0, 1, 0, 0, 0, 0, 0, 0, 0, 0, 0, 0, 0, 0, 0, 0, 0, 0, 0, 0, 0, 0, 0, 0, 0, 0, 0, 0, 0, 0, 0, 0, 0, 0, 0, 0, 0, 0, 0, 0, 0, 0, 0, 0, 0, 0, 0, 0, 0, 0, 0, 0, 0, 0, 0, 0, 0, 0, 0, 0, 0, 0, 0, 0, 0, 0, 0, 0, 0, 0, 0, 0, 0, 0, 0, 0, 0, 0, 0, 0, 0, 0, 0, 0, 0, 0, 0, 0, 0, 0, 0, 0, 0, 0, 0, 0, 0], "C": [1, 4, 9, 17, 27, 47, 89, 107, 180, 222, 305, 330, 425, 416, 540, 507, 641, 742, 797, 828, 968, 1062, 1264, 1402, 1538, 1545, 1723, 1613, 1552, 1297, 1308, 1059, 929, 679, 584, 503, 457, 331, 279, 236, 203, 152, 126, 115, 95, 74, 73, 60, 58, 35, 42, 45, 23, 25, 20, 29, 23, 21, 16, 10, 20, 13, 11, 12, 18, 9, 6, 5, 8, 9, 5, 2, 5, 5, 3, 4, 3, 7, 5, 2, 2, 3, 3, 2, 5, 2, 2, 1, 0, 4, 1, 1, 0, 1, 1, 3, 1, 1, 1, 1, 0, 1, 2, 0, 0, 0, 0, 0, 0, 0, 0, 0, 0, 0, 0, 0, 0, 0, 0, 0, 0, 0, 0, 0, 0, 0, 0, 0, 0, 0, 0, 0, 0, 0, 0, 0, 0, 0, 0, 0, 0, 0, 0, 0, 0, 0, 0, 0, 0, 0, 0, 0, 0, 0, 0, 0, 0, 0, 0, 0, 0, 0, 0, 0, 0, 0, 0, 0, 0, 0, 0, 0, 0, 0, 0, 0, 0, 0, 0, 0, 0, 0, 0, 0, 0, 0, 0, 0, 0, 0, 0, 0, 0, 0, 0, 0, 0, 0, 0, 0, 0, 0, 0, 0, 0, 0, 0, 0, 0, 0, 0, 0, 0, 0, 0, 0], "B": [0, 2, 6, 17, 22, 28, 56, 82, 120, 168, 222, 262, 312, 388, 484, 519, 620, 697, 753, 860, 906, 939, 1156, 1085, 1285, 1268, 1351, 1289, 1381, 1205, 1209, 1128, 1049, 935, 867, 816, 669, 557, 563, 459, 445, 371, 338, 286, 255, 220, 209, 182, 171, 160, 137, 111, 108, 104, 105, 85, 76, 67, 52, 53, 44, 55, 42, 31, 40, 31, 30, 23, 30, 26, 25, 23, 24, 27, 20, 14, 19, 20, 8, 18, 18, 12, 13, 14, 4, 8, 7, 7, 9, 4, 6, 8, 6, 3, 4, 4, 6, 6, 8, 3, 7, 2, 6, 5, 2, 0, 5, 1, 1, 1, 2, 2, 2, 0, 0, 1, 0, 0, 2, 0, 0, 1, 0, 0, 1, 0, 0, 0, 0, 0, 0, 0, 0, 0, 0, 0, 0, 0, 0, 0, 0, 2, 0, 0, 0, 0, 0, 0, 0, 1, 0, 0, 0, 0, 0, 0, 0, 0, 0, 0, 0, 0, 0, 0, 0, 0, 0, 0, 0, 0, 0, 0, 0, 0, 0, 0, 0, 0, 0, 0, 0, 0, 0, 0, 0, 0, 0, 0, 0, 0, 0, 0, 0, 0, 0, 0, 0, 0, 0, 0, 0, 0, 0, 0, 0, 0, 0, 0, 0, 0, 0, 0, 0, 0, 0, 0], "A": [2, 3, 4, 4, 10, 6, 26, 30, 51, 60, 93, 121, 174, 225, 250, 311, 384, 432, 505, 570, 684, 734, 839, 879, 964, 1001, 1144, 1123, 1172, 1171, 1275, 1177, 1236, 1187, 1155, 1035, 1025, 965, 913, 921, 902, 851, 838, 725, 691, 634, 623, 552, 519, 481, 456, 438, 390, 332, 362, 323, 298, 269, 260, 238, 252, 249, 235, 192, 214, 182, 209, 176, 172, 171, 157, 139, 148, 128, 120, 107, 122, 114, 111, 96, 106, 106, 113, 97, 82, 81, 73, 69, 88, 54, 63, 67, 65, 59, 58, 56, 39, 47, 41, 40, 60, 41, 40, 35, 41, 35, 38, 30, 25, 25, 26, 15, 30, 25, 24, 16, 23, 15, 24, 28, 26, 19, 13, 19, 17, 13, 15, 11, 14, 15, 6, 12, 16, 8, 13, 5, 6, 3, 3, 3, 9, 4, 5, 5, 6, 4, 2, 3, 2, 0, 3, 4, 4, 6, 5, 0, 1, 1, 4, 1, 1, 1, 2, 2, 0, 0, 0, 0, 0, 1, 0, 1, 1, 2, 1, 0, 0, 0, 0, 0, 0, 0, 0, 0, 0, 0, 0, 0, 0, 0, 1, 0, 0, 0, 0, 0, 0, 0, 0, 0, 1, 0, 0, 1, 0, 0, 0, 0, 0, 0, 0, 0, 0, 0, 0, 2, 1], "P": [0, 0, 0, 0, 0, 0, 0, 0, 0, 0, 0, 0, 0, 0, 0, 0, 0, 0, 0, 0, 0, 0, 0, 0, 0, 0, 0, 0, 0, 0, 0, 0, 0, 0, 0, 0, 0, 0, 0, 0, 0, 0, 0, 0, 0, 0, 0, 0, 0, 0, 0, 0, 0, 0, 0, 1, 0, 0, 0, 0, 0, 0, 0, 0, 0, 0, 0, 0, 0, 0, 0, 0, 0, 0, 0, 0, 0, 0, 0, 0, 0, 0, 0, 0, 0, 0, 0, 0, 0, 0, 0, 0, 0, 0, 0, 0, 0, 0, 0, 0, 0, 0, 0, 0, 0, 0, 0, 0, 0, 0, 0, 0, 0, 0, 0, 0, 0, 1, 1, 0, 0, 0, 0, 1, 0, 0, 0, 0, 1, 0, 1, 2, 0, 2, 0, 0, 1, 2, 0, 2, 1, 2, 2, 2, 2, 0, 0, 0, 0, 1, 1, 1, 4, 1, 2, 0, 1, 1, 0, 0, 2, 2, 0, 0, 1, 2, 0, 0, 0, 0, 0, 0, 1, 1, 0, 0, 0, 0, 1, 0, 1, 0, 0, 0, 0, 0, 0, 1, 0, 1, 0, 0, 0, 0, 0, 0, 0, 0, 0, 0, 0, 0, 0, 0, 0, 0, 0, 0, 0, 0, 0, 0, 0, 0, 0, 0]}, "TTRating": {"xAxis": [0, 50, 100, 150, 200, 250, 300, 350, 400, 450, 500, 550, 600, 650, 700, 750, 800, 850, 900, 950, 1000, 1050, 1100, 1150, 1200, 1250, 1300, 1350, 1400, 1450, 1500, 1550, 1600, 1650, 1700, 1750, 1800, 1850, 1900, 1950, 2000, 2050, 2100, 2150, 2200, 2250, 2300, 2350, 2400, 2450, 2500, 2550, 2600, 2650, 2700, 2750, 2800, 2850, 2900, 2950, 3000, 3050, 3100, 3150, 3200, 3250, 3300], "D": [0, 0, 0, 0, 0, 0, 0, 0, 6, 3, 4, 2, 5, 6, 15, 21, 23, 51, 30, 84, 141, 260, 469, 958, 2610, 6402, 11248, 2590, 212, 50, 9, 9, 886, 2, 1, 1, 0, 1, 1, 0, 0, 0, 0, 0, 0, 0, 0, 0, 0, 0, 0, 0, 0, 0, 0, 0, 0, 0, 0, 0, 0, 0, 0, 0, 0, 0, 0], "C": [0, 0, 0, 0, 1, 0, 1, 1, 2, 3, 1, 2, 3, 10, 19, 24, 53, 52, 68, 103, 200, 310, 590, 998, 1965, 3310, 4429, 1674, 431, 159, 85, 34, 132, 8, 5, 2, 2, 2, 3, 1, 0, 0, 0, 0, 0, 0, 0, 0, 0, 0, 0, 0, 0, 0, 0, 0, 0, 0, 0, 0, 0, 0, 0, 0, 0, 0, 0], "B": [0, 0, 1, 0, 0, 1, 0, 0, 2, 2, 3, 4, 10, 14, 27, 54, 68, 88, 90, 129, 261, 415, 771, 1260, 2338, 3979, 5314, 2455, 890, 408, 181, 132, 153, 37, 23, 13, 13, 2, 2, 0, 1, 1, 2, 1, 0, 0, 0, 0, 0, 0, 0, 0, 0, 0, 0, 0, 0, 0, 0, 0, 0, 0, 0, 0, 0, 0, 0],