{"racesDone": {"value": 78149, "total": 27966838}, "lapsDone": {"value": 2428607, "total": 1084505928}, "avgInc": {"value": 4.815539599383668, "delta": -0.18803143297381286}, "avgIR": {"value": 1776, "delta": 5.165988724755607}, "avgTT": {"value": 1254, "delta": 0.5227038941955016}, "newRacers": {"value": 16225, "total": 313157, "delta": 1399}, "licenseChange": {"D": {"total": 2651, "promoted": 254, "demoted": 6}, "C": {"total": 1829, "promoted": 165, "demoted": 16}, "B": {"total": 2795, "promoted": 69, "demoted": 36}, "A": {"total": 6982, "promoted": 74, "demoted": 1}, "P": {"total": 16, "promoted": 0, "demoted": 0}}, "awards": {"IR_up": {"name": "Aaron Kennington", "from": 1873, "to": 3273}, "IR_down": {"name": "Jeremy Beall", "from": 1425, "to": 734}, "SR_up": {"name": "Josh Seay2", "from": "R 2.92", "to": "C 3.52"}, "SR_down": {"name": "Thiago Benedetti", "from": "A 2.92", "to": "C 3.52"}}, "country": {"AD": 19, "AE": 4, "AM": 1, "AR": 91, "AT": 40, "AU": 513, "BE": 46, "BG": 3, "BN": 1, "BR": 203, "BS": 1, "BY": 6, "CA": 1020, "CH": 41, "CL": 34, "CN": 3, "CO": 17, "CR": 2, "CZ": 24, "DE": 311, "DK": 30, "DO": 5, "EC": 1, "EE": 9, "EG": 1, "ES": 436, "FI": 49, "FO": 1, "FR": 200, "GB": 477, "GG": 1, "GI": 8, "GP": 1, "GR": 2, "GT": 1, "HK": 7, "HR": 4, "HU": 25, "ID": 2, "IE": 23, "IL": 2, "IM": 1, "IN": 3, "IT": 92, "JE": 2, "JO": 1, "JP": 52, "KR": 10, "KW": 1, "KZ": 1, "LB": 1, "LT": 11, "LU": 2, "LV": 8, "MC": 6, "MD": 1, "MO": 1, "MQ": 1, "MT": 1, "MX": 44, "MY": 2, "NL": 157, "NO": 28, "NZ": 97, "PA": 1, "PE": 4, "PH": 4, "PL": 43, "PR": 1, "PT": 72, "RO": 8, "RS": 2, "RU": 114, "SE": 71, "SG": 6, "SI": 2, "SK": 2, "TH": 1, "TR": 22, "TW": 1, "UA": 16, "US": 11639, "UY": 9, "VI": 2, "ZA": 16, "nan": 1}, "dist": {"IRating": {"xAxis": [0, 50, 100, 150, 200, 250, 300, 350, 400, 450, 500, 550, 600, 650, 700, 750, 800, 850, 900, 950, 1000, 1050, 1100, 1150, 1200, 1250, 1300, 1350, 1400, 1450, 1500, 1550, 1600, 1650, 1700, 1750, 1800, 1850, 1900, 1950, 2000, 2050, 2100, 2150, 2200, 2250, 2300, 2350, 2400, 2450, 2500, 2550, 2600, 2650, 2700, 2750, 2800, 2850, 2900, 2950, 3000, 3050, 3100, 3150, 3200, 3250, 3300, 3350, 3400, 3450, 3500, 3550, 3600, 3650, 3700, 3750, 3800, 3850, 3900, 3950, 4000, 4050, 4100, 4150, 4200, 4250, 4300, 4350, 4400, 4450, 4500, 4550, 4600, 4650, 4700, 4750, 4800, 4850, 4900, 4950, 5000, 5050, 5100, 5150, 5200, 5250, 5300, 5350, 5400, 5450, 5500, 5550, 5600, 5650, 5700, 5750, 5800, 5850, 5900, 5950, 6000, 6050, 6100, 6150, 6200, 6250, 6300, 6350, 6400, 6450, 6500, 6550, 6600, 6650, 6700, 6750, 6800, 6850, 6900, 6950, 7000, 7050, 7100, 7150, 7200, 7250, 7300, 7350, 7400, 7450, 7500, 7550, 7600, 7650, 7700, 7750, 7800, 7850, 7900, 7950, 8000, 8050, 8100, 8150, 8200, 8250, 8300, 8350, 8400, 8450, 8500, 8550, 8600, 8650, 8700, 8750, 8800, 8850, 8900, 8950, 9000, 9050, 9100, 9150, 9200, 9250, 9300, 9350, 9400, 9450, 9500, 9550, 9600, 9650, 9700, 9750, 9800, 9850, 9900, 9950, 10000, 10050, 10100, 10150, 10200, 10250, 10300, 10350, 10400, 10450, 10500, 10550, 10600, 10650, 10700, 10750], "D": [2, 8, 27, 38, 72, 93, 169, 223, 257, 332, 406, 492, 581, 687, 793, 797, 1024, 1133, 1358, 1476, 1846, 2149, 2722, 3411, 4462, 5303, 5976, 6004, 6138, 5198, 4294, 3016, 2338, 1590, 1218, 849, 680, 493, 390, 275, 240, 168, 163, 106, 104, 72, 68, 61, 66, 39, 44, 36, 33, 27, 25, 24, 28, 21, 15, 12, 10, 16, 14, 11, 7, 13, 7, 4, 5, 6, 5, 4, 1, 7, 2, 7, 1, 3, 2, 4, 1, 1, 1, 1, 1, 2, 0, 0, 0, 3, 2, 0, 5, 3, 1, 1, 2, 0, 1, 0, 2, 0, 0, 0, 0, 1, 1, 0, 1, 0, 0, 0, 0, 0, 0, 0, 0, 0, 0, 0, 1, 0, 0, 0, 0, 0, 0, 0, 0, 0, 0, 0, 0, 0, 0, 0, 0, 0, 0, 0, 0, 0, 0, 0, 0, 0, 0, 0, 0, 0, 0, 0, 0, 0, 0, 0, 0, 0, 0, 0, 0, 0, 0, 0, 0, 0, 0, 0, 0, 0, 0, 0, 0, 0, 0, 0, 0, 0, 0, 0, 0, 0, 0, 0, 0, 0, 0, 0, 0, 0, 0, 0, 0, 0, 0, 0, 0, 0, 0, 0, 0, 0, 0, 0, 0, 0, 0, 0, 0, 0, 0, 0, 0, 0, 0, 0], "C": [1, 3, 10, 18, 31, 47, 79, 111, 170, 223, 291, 330, 417, 407, 531, 510, 624, 733, 820, 831, 979, 1061, 1256, 1371, 1514, 1552, 1716, 1603, 1568, 1309, 1305, 1052, 908, 665, 579, 503, 447, 324, 267, 222, 211, 144, 120, 108, 93, 77, 69, 61, 58, 35, 49, 36, 20, 27, 21, 25, 16, 21, 16, 13, 22, 9, 14, 11, 16, 8, 8, 5, 6, 8, 6, 2, 6, 5, 3, 4, 3, 7, 6, 4, 2, 4, 3, 4, 3, 3, 2, 1, 0, 1, 1, 1, 2, 1, 0, 3, 1, 1, 1, 0, 0, 2, 1, 0, 0, 1, 0, 0, 0, 0, 0, 0, 0, 0, 0, 0, 0, 0, 0, 0, 0, 0, 0, 0, 0, 0, 0, 0, 0, 0, 0, 0, 0, 0, 0, 0, 0, 0, 0, 0, 0, 0, 0, 0, 0, 0, 0, 0, 0, 0, 0, 0, 0, 0, 0, 0, 0, 0, 0, 0, 0, 0, 0, 0, 0, 0, 0, 0, 0, 0, 0, 0, 0, 0, 0, 0, 0, 0, 0, 0, 0, 0, 0, 0, 0, 0, 0, 0, 0, 0, 0, 0, 0, 0, 0, 0, 0, 0, 0, 0, 0, 0, 0, 0, 0, 0, 0, 0, 0, 0, 0, 0, 0, 0, 0, 0], "B": [0, 2, 7, 15, 22, 29, 55, 79, 114, 159, 228, 254, 316, 395, 468, 523, 607, 676, 770, 840, 918, 930, 1148, 1069, 1274, 1265, 1356, 1307, 1380, 1217, 1211, 1144, 1053, 959, 853, 815, 661, 556, 565, 453, 429, 375, 338, 282, 259, 205, 196, 196, 166, 159, 126, 123, 116, 100, 90, 90, 70, 68, 56, 57, 39, 53, 39, 31, 45, 32, 26, 29, 29, 23, 26, 21, 26, 20, 27, 14, 22, 17, 13, 15, 12, 13, 10, 16, 5, 6, 9, 5, 9, 5, 8, 6, 7, 2, 2, 4, 5, 8, 8, 5, 5, 3, 3, 5, 2, 1, 3, 2, 0, 2, 2, 1, 3, 1, 1, 0, 1, 0, 1, 0, 2, 0, 0, 0, 0, 0, 0, 0, 0, 0, 0, 0, 0, 0, 0, 0, 0, 0, 0, 0, 0, 2, 0, 0, 0, 0, 0, 0, 0, 0, 0, 0, 1, 0, 0, 0, 0, 0, 0, 0, 0, 0, 0, 0, 0, 0, 0, 0, 0, 0, 0, 0, 0, 0, 0, 0, 0, 0, 0, 0, 0, 0, 0, 0, 0, 0, 0, 0, 0, 0, 0, 0, 0, 0, 0, 0, 0, 0, 0, 0, 0, 0, 0, 0, 0, 0, 0, 0, 0, 0, 0, 0, 0, 0, 0, 0], "A": [2, 3, 3, 4, 8, 8, 27, 29, 54, 59, 91, 118, 165, 216, 251, 302, 379, 429, 515, 559, 696, 715, 830, 877, 953, 1026, 1129, 1127, 1131, 1174, 1252, 1181, 1225, 1175, 1121, 1042, 1028, 966, 916, 876, 892, 852, 816, 725, 703, 644, 632, 527, 520, 478, 459, 420, 377, 353, 366, 335, 285, 284, 248, 223, 262, 264, 226, 204, 206, 193, 192, 177, 166, 150, 146, 146, 139, 130, 128, 102, 133, 105, 107, 96, 114, 104, 99, 100, 83, 78, 79, 68, 81, 65, 62, 63, 57, 61, 60, 53, 40, 45, 41, 41, 58, 45, 41, 37, 35, 38, 38, 25, 31, 27, 25, 19, 21, 26, 30, 18, 24, 18, 27, 23, 17, 21, 11, 22, 13, 17, 16, 8, 16, 8, 14, 11, 10, 7, 14, 4, 5, 4, 3, 3, 5, 5, 7, 6, 2, 4, 4, 2, 0, 2, 2, 5, 4, 5, 4, 0, 1, 3, 2, 1, 1, 1, 3, 0, 1, 0, 0, 0, 0, 1, 0, 2, 1, 1, 1, 0, 0, 0, 0, 0, 0, 0, 0, 0, 0, 0, 0, 0, 0, 0, 1, 0, 0, 0, 0, 0, 0, 0, 0, 0, 1, 0, 0, 1, 0, 0, 0, 0, 0, 0, 0, 0, 0, 0, 0, 2, 1], "P": [0, 0, 0, 0, 0, 0, 0, 0, 0, 0, 0, 0, 0, 0, 0, 0, 0, 0, 0, 0, 0, 0, 0, 0, 0, 0, 0, 0, 0, 0, 0, 0, 0, 0, 0, 0, 0, 0, 0, 0, 0, 0, 0, 0, 0, 0, 0, 0, 0, 0, 0, 0, 0, 0, 0, 1, 0, 0, 0, 0, 0, 0, 0, 0, 0, 0, 0, 0, 0, 0, 0, 0, 0, 0, 0, 0, 0, 0, 0, 0, 0, 0, 0, 0, 0, 0, 0, 0, 0, 0, 0, 0, 0, 0, 0, 0, 0, 0, 0, 0, 0, 0, 0, 0, 0, 0, 0, 0, 0, 0, 0, 0, 2, 0, 0, 0, 0, 0, 0, 0, 0, 0, 0, 1, 0, 0, 1, 0, 2, 0, 0, 1, 0, 2, 0, 0, 0, 3, 1, 2, 1, 4, 1, 1, 1, 1, 0, 0, 2, 0, 1, 2, 3, 0, 1, 1, 1, 0, 1, 0, 1, 3, 0, 0, 1, 1, 1, 0, 0, 0, 0, 1, 0, 1, 0, 0, 0, 1, 0, 0, 1, 0, 0, 0, 0, 0, 1, 1, 0, 0, 0, 0, 0, 0, 0, 0, 0, 0, 0, 0, 0, 0, 0, 0, 0, 0, 0, 0, 0, 0, 0, 0, 0, 0, 0, 0]}, "TTRating": {"xAxis": [0, 50, 100, 150, 200, 250, 300, 350, 400, 450, 500, 550, 600, 650, 700, 750, 800, 850, 900, 950, 1000, 1050, 1100, 1150, 1200, 1250, 1300, 1350, 1400, 1450, 1500, 1550, 1600, 1650, 1700, 1750, 1800, 1850, 1900, 1950, 2000, 2050, 2100, 2150, 2200, 2250, 2300, 2350, 2400, 2450, 2500, 2550, 2600, 2650, 2700, 2750, 2800, 2850, 2900, 2950, 3000, 3050, 3100, 3150, 3200, 3250, 3300], "D": [0, 0, 0, 0, 0, 0, 0, 0, 6, 3, 4, 2, 5, 6, 15, 22, 21, 49, 30, 82, 136, 255, 468, 950, 2576, 6366, 11219, 2576, 207, 49, 9, 9, 881, 2, 1, 1, 0, 1, 1, 0, 0, 0, 0, 0, 0, 0, 0, 0, 0, 0, 0, 0, 0, 0, 0, 0, 0, 0, 0, 0, 0, 0, 0, 0, 0, 0, 0], "C": [0, 0, 0, 0, 1, 0, 1, 1, 2, 3, 1, 2, 3, 11, 19, 23, 53, 51, 67, 101, 203, 306, 580, 992, 1947, 3294, 4410, 1667, 432, 161, 84, 34, 132, 8, 4, 2, 2, 2, 3, 1, 0, 0, 0, 0, 0, 0, 0, 0, 0, 0, 0, 0, 0, 0, 0, 0, 0, 0, 0, 0, 0, 0, 0, 0, 0, 0, 0],