{"racesDone": {"value": 255981, "total": 34038034}, "lapsDone": {"value": 3401721, "total": 505524400}, "avgInc": {"value": 5.981678286852576, "delta": -0.09857735723778305}, "avgIR": {"value": 1722, "delta": 9.178318584070894}, "avgTT": {"value": 1355, "delta": 2.046758498673171}, "newRacers": {"value": 42168, "total": 405385, "delta": 2826}, "licenseChange": {"D": {"total": 9890, "promoted": 959, "demoted": 8}, "C": {"total": 7366, "promoted": 587, "demoted": 66}, "B": {"total": 9098, "promoted": 588, "demoted": 286}, "A": {"total": 13019, "promoted": 509, "demoted": 0}, "P": {"total": 17, "promoted": 3, "demoted": 0}}, "awards": {"IR_up": {"name": "Nicolas Magoni", "from": 2523, "to": 4079}, "IR_down": {"name": "Lucky Chopp", "from": 2356, "to": 993}, "SR_up": {"name": "Andrew Klufas", "from": "C 2.24", "to": "A 4.99"}, "SR_down": {"name": "James Bielby", "from": "A 3.57", "to": "C 1.76"}}, "country": {"AD": 128, "AE": 55, "AF": 1, "AG": 1, "AI": 1, "AM": 3, "AR": 690, "AS": 1, "AT": 394, "AU": 2982, "AX": 1, "AZ": 2, "BA": 8, "BB": 1, "BE": 583, "BG": 38, "BH": 1, "BI": 1, "BM": 1, "BN": 2, "BO": 4, "BR": 1133, "BS": 3, "BW": 1, "BY": 8, "CA": 2189, "CH": 395, "CL": 176, "CN": 73, "CO": 88, "CR": 28, "CY": 9, "CZ": 206, "DE": 2905, "DK": 469, "DO": 21, "DZ": 4, "EC": 10, "EE": 36, "EG": 5, "ES": 3292, "FI": 535, "FO": 1, "FR": 1837, "GB": 3986, "GE": 1, "GF": 1, "GG": 6, "GI": 27, "GL": 1, "GP": 1, "GR": 55, "GT": 7, "HK": 84, "HN": 1, "HR": 53, "HU": 227, "ID": 24, "IE": 190, "IL": 40, "IM": 7, "IN": 46, "IS": 7, "IT": 990, "JE": 9, "JM": 1, "JO": 2, "JP": 542, "KH": 1, "KR": 160, "KW": 7, "KY": 4, "KZ": 2, "LB": 3, "LI": 2, "LK": 1, "LT": 75, "LU": 43, "LV": 29, "MA": 4, "MC": 32, "MD": 3, "ME": 1, "MK": 3, "MO": 11, "MT": 14, "MU": 1, "MV": 4, "MX": 235, "MY": 47, "NC": 3, "NL": 1449, "NO": 349, "NZ": 383, "OM": 2, "PA": 8, "PE": 31, "PH": 22, "PK": 1, "PL": 437, "PR": 14, "PT": 508, "PY": 4, "QA": 11, "RE": 5, "RO": 78, "RS": 12, "RU": 275, "SA": 13, "SC": 1, "SE": 444, "SG": 56, "SI": 37, "SK": 53, "SM": 3, "SV": 3, "SZ": 3, "TH": 34, "TK": 2, "TN": 2, "TR": 399, "TT": 4, "TW": 15, "UA": 70, "US": 11903, "UY": 52, "VA": 1, "VE": 2, "VG": 1, "VI": 13, "VN": 5, "ZA": 146, "ZW": 1, "nan": 1}, "dist": {"IRating": {"xAxis": [0, 50, 100, 150, 200, 250, 300, 350, 400, 450, 500, 550, 600, 650, 700, 750, 800, 850, 900, 950, 1000, 1050, 1100, 1150, 1200, 1250, 1300, 1350, 1400, 1450, 1500, 1550, 1600, 1650, 1700, 1750, 1800, 1850, 1900, 1950, 2000, 2050, 2100, 2150, 2200, 2250, 2300, 2350, 2400, 2450, 2500, 2550, 2600, 2650, 2700, 2750, 2800, 2850, 2900, 2950, 3000, 3050, 3100, 3150, 3200, 3250, 3300, 3350, 3400, 3450, 3500, 3550, 3600, 3650, 3700, 3750, 3800, 3850, 3900, 3950, 4000, 4050, 4100, 4150, 4200, 4250, 4300, 4350, 4400, 4450, 4500, 4550, 4600, 4650, 4700, 4750, 4800, 4850, 4900, 4950, 5000, 5050, 5100, 5150, 5200, 5250, 5300, 5350, 5400, 5450, 5500, 5550, 5600, 5650, 5700, 5750, 5800, 5850, 5900, 5950, 6000, 6050, 6100, 6150, 6200, 6250, 6300, 6350, 6400, 6450, 6500, 6550, 6600, 6650, 6700, 6750, 6800, 6850, 6900, 6950, 7000, 7050, 7100, 7150, 7200, 7250, 7300, 7350, 7400, 7450, 7500, 7550, 7600, 7650, 7700, 7750, 7800, 7850, 7900, 7950, 8000, 8050, 8100, 8150, 8200, 8250, 8300, 8350, 8400, 8450, 8500, 8550, 8600, 8650, 8700, 8750, 8800, 8850, 8900, 8950, 9000, 9050, 9100, 9150, 9200, 9250, 9300, 9350, 9400, 9450, 9500, 9550, 9600, 9650, 9700, 9750, 9800, 9850, 9900, 9950, 10000, 10050, 10100, 10150, 10200, 10250, 10300, 10350, 10400, 10450, 10500, 10550, 10600, 10650, 10700, 10750, 10800, 10850, 10900, 10950, 11000], "D": [19, 57, 150, 229, 342, 480, 616, 697, 897, 1079, 1216, 1327, 1525, 1691, 1881, 2027, 2405, 2532, 3093, 3299, 4061, 4425, 5558, 6680, 8168, 8544, 8723, 7389, 6524, 4997, 3954, 2938, 2277, 1571, 1177, 793, 636, 482, 360, 263, 202, 173, 160, 103, 86, 78, 79, 56, 52, 45, 33, 24, 31, 22, 25, 20, 14, 20, 8, 12, 11, 11, 13, 6, 10, 8, 10, 10, 7, 6, 2, 2, 6, 2, 3, 3, 3, 4, 4, 3, 0, 1, 4, 5, 0, 3, 2, 0, 3, 2, 1, 1, 0, 0, 0, 2, 1, 0, 2, 1, 0, 0, 2, 1, 0, 1, 0, 0, 0, 1, 1, 1, 0, 0, 0, 0, 0, 0, 0, 0, 0, 1, 0, 0, 0, 0, 0, 0, 0, 0, 0, 0, 0, 0, 0, 0, 0, 0, 0, 0, 0, 0, 0, 0, 0, 0, 0, 0, 0, 0, 0, 0, 0, 0, 0, 0, 0, 0, 0, 0, 0, 0, 0, 0, 0, 0, 0, 0, 0, 0, 0, 0, 0, 0, 0, 0, 0, 0, 0, 0, 0, 0, 0, 0, 0, 0, 0, 0, 0, 0, 0, 0, 0, 0, 0, 0, 0, 0, 0, 0, 0, 0, 0, 0, 0, 0, 0, 0, 0, 0, 0, 0, 0, 0, 0, 0, 0, 0, 0, 0, 0], "C": [0, 17, 20, 46, 85, 126, 164, 258, 341, 411, 578, 702, 798, 943, 1138, 1283, 1436, 1459, 1810, 1997, 2210, 2360, 2747, 2920, 3422, 3486, 3546, 3114, 2954, 2555, 2383, 2020, 1668, 1369, 1137, 933, 846, 634, 584, 434, 425, 350, 300, 273, 222, 214, 178, 174, 139, 100, 103, 93, 95, 70, 78, 76, 66, 40, 59, 44, 44, 51, 39, 34, 28, 25, 24, 36, 20, 23, 31, 14, 19, 22, 19, 26, 18, 20, 17, 12, 16, 18, 9, 6, 8, 11, 10, 9, 4, 7, 8, 2, 6, 9, 4, 3, 4, 2, 9, 4, 4, 7, 3, 2, 5, 1, 0, 1, 1, 4, 2, 2, 1, 1, 1, 0, 2, 5, 0, 1, 2, 2, 2, 2, 0, 0, 1, 2, 4, 1, 0, 0, 0, 0, 0, 0, 1, 0, 0, 0, 0, 0, 0, 0, 0, 0, 1, 0, 0, 0, 0, 0, 0, 0, 0, 0, 0, 0, 0, 0, 1, 0, 0, 0, 0, 0, 0, 0, 0, 0, 0, 0, 0, 0, 0, 0, 0, 0, 0, 0, 0, 0, 0, 0, 0, 0, 0, 0, 0, 0, 0, 0, 0, 0, 0, 0, 0, 0, 0, 0, 0, 0, 0, 0, 0, 0, 0, 0, 0, 0, 0, 0, 0, 0, 0, 0, 0, 0, 0, 0, 0], "B": [2, 2, 7, 11, 19, 36, 46, 79, 123, 145, 203, 234, 354, 418, 497, 570, 715, 771, 904, 1029, 1224, 1278, 1519, 1687, 1935, 1990, 2167, 2110, 2134, 1804, 1890, 1663, 1687, 1376, 1293, 1096, 1060, 881, 864, 708, 659, 592, 578, 518, 472, 381, 383, 345, 292, 268, 264, 241, 234, 196, 199, 171, 156, 173, 138, 134, 121, 115, 125, 108, 101, 87, 81, 90, 75, 77, 92, 70, 72, 65, 63, 45, 54, 54, 54, 42, 39, 42, 48, 33, 38, 29, 28, 33, 28, 27, 31, 17, 22, 21, 21, 18, 11, 16, 20, 9, 18, 11, 19, 10, 12, 13, 13, 8, 8, 12, 10, 14, 12, 10, 10, 9, 8, 14, 3, 4, 8, 7, 3, 9, 6, 4, 7, 2, 2, 3, 6, 1, 5, 7, 4, 3, 7, 3, 0, 2, 2, 4, 5, 2, 4, 2, 2, 1, 1, 3, 1, 1, 1, 0, 0, 1, 1, 0, 1, 1, 2, 1, 0, 0, 1, 0, 0, 0, 0, 0, 0, 0, 0, 0, 0, 1, 0, 0, 0, 0, 2, 0, 0, 0, 0, 0, 1, 0, 0, 0, 0, 0, 0, 0, 0, 0, 0, 0, 0, 0, 0, 0, 0, 0, 0, 0, 0, 0, 0, 0, 0, 0, 0, 0, 0, 0, 0, 0, 0, 0, 0], "A": [1, 1, 1, 4, 8, 10, 19, 29, 33, 57, 70, 108, 148, 146, 223, 286, 309, 364, 447, 517, 686, 724, 841, 962, 1196, 1128, 1342, 1383, 1500, 1523, 1585, 1480, 1518, 1461, 1465, 1384, 1315, 1124, 1200, 1125, 1157, 1135, 1047, 919, 899, 800, 867, 702, 668, 647, 567, 536, 569, 462, 430, 420, 439, 390, 354, 337, 361, 341, 332, 288, 278, 281, 265, 254, 242, 196, 214, 194, 207, 185, 164, 158, 146, 140, 149, 121, 151, 127, 146, 134, 119, 107, 107, 105, 85, 81, 79, 102, 94, 83, 81, 57, 73, 66, 61, 59, 94, 71, 80, 70, 64, 58, 49, 55, 66, 52, 43, 43, 24, 38, 49, 28, 31, 32, 23, 27, 52, 40, 33, 36, 24, 27, 33, 15, 21, 19, 24, 26, 24, 16, 25, 17, 24, 14, 14, 13, 17, 19, 29, 22, 21, 16, 15, 10, 15, 10, 14, 7, 10, 7, 11, 3, 7, 8, 7, 4, 13, 13, 7, 6, 7, 9, 5, 5, 4, 6, 5, 4, 1, 1, 2, 4, 2, 1, 1, 0, 4, 2, 2, 2, 2, 0, 4, 1, 2, 1, 3, 1, 2, 2, 1, 0, 0, 0, 0, 0, 1, 0, 0, 0, 0, 0, 0, 0, 0, 0, 0, 0, 0, 0, 0, 0, 0, 0, 0, 0, 0], "P": [0, 0, 0, 0, 0, 0, 0, 0, 0, 0, 0, 0, 0, 0, 0, 0, 0, 0, 0, 0, 0, 0, 0, 0, 0, 0, 0, 0, 0, 0, 0, 0, 0, 0, 0, 0, 0, 0, 0, 0, 0, 0, 0, 0, 0, 0, 0, 0, 0, 0, 0, 0, 0, 0, 0, 0, 0, 0, 0, 0, 0, 0, 0, 0, 0, 0, 0, 0, 0, 0, 0, 0, 0, 0, 0, 0, 0, 0, 0, 0, 0, 0, 0, 0, 0, 0, 1, 0, 0, 0, 0, 0, 0, 0, 1, 0, 1, 1, 0, 0, 0, 0, 1, 0, 1, 0, 0, 0, 0, 0, 0, 0, 0, 0, 0, 0, 2, 0, 0, 0, 0, 0, 0, 1, 0, 0, 0, 1, 0, 1, 1, 0, 0, 0, 0, 0, 0, 0, 0, 1, 0, 3, 0, 3, 0, 0, 1, 0, 0, 1, 2, 1, 0, 0, 0, 0, 1, 2, 1, 0, 2, 1, 1, 2, 3, 2, 2, 1, 1, 1, 3, 0, 1, 0, 0, 0, 1, 1, 0, 0, 0, 0, 1, 2, 1, 0, 2, 2, 1, 2, 0, 0, 0, 0, 0, 0, 0, 1, 0, 0, 1, 0, 0, 0, 0, 0, 0, 0, 0, 0, 0, 0, 0, 0, 0, 0, 0, 0, 0, 0, 0, 1]},