{"racesDone": {"value": 197673, "total": 35194727}, "lapsDone": {"value": 2873425, "total": 522487183}, "avgInc": {"value": 5.968041958041953, "delta": -0.01072278275238503}, "avgIR": {"value": 1760, "delta": 4.9511509303929415}, "avgTT": {"value": 1358, "delta": 2.0465221028246106}, "newRacers": {"value": 38753, "total": 414191, "delta": 1205}, "licenseChange": {"D": {"total": 8283, "promoted": 621, "demoted": 10}, "C": {"total": 6616, "promoted": 457, "demoted": 49}, "B": {"total": 7793, "promoted": 478, "demoted": 160}, "A": {"total": 14207, "promoted": 877, "demoted": 3}, "P": {"total": 8, "promoted": 1, "demoted": 0}}, "awards": {"IR_up": {"name": "Michael Borger", "from": 1719, "to": 3255}, "IR_down": {"name": "Chris Hannigan", "from": 3535, "to": 2194}, "SR_up": {"name": "Maximilian Straupe", "from": "C 1.44", "to": "A 4.39"}, "SR_down": {"name": "Dirk Wagner", "from": "A 4.99", "to": "B 1.62"}}, "country": {"AD": 106, "AE": 45, "AG": 1, "AI": 2, "AL": 1, "AM": 2, "AN": 2, "AR": 620, "AS": 1, "AT": 359, "AU": 2618, "AW": 1, "AX": 3, "AZ": 4, "BA": 8, "BB": 3, "BE": 540, "BG": 24, "BH": 3, "BI": 1, "BJ": 1, "BL": 1, "BM": 2, "BN": 5, "BO": 3, "BR": 1034, "BS": 3, "BW": 1, "BY": 8, "CA": 1938, "CH": 357, "CL": 162, "CN": 68, "CO": 78, "CR": 20, "CY": 5, "CZ": 189, "DE": 2914, "DK": 456, "DO": 22, "DZ": 4, "EC": 11, "EE": 34, "EG": 7, "ES": 2893, "FI": 465, "FO": 2, "FR": 1759, "GB": 3713, "GG": 4, "GI": 25, "GL": 2, "GM": 1, "GP": 4, "GR": 51, "GT": 5, "HK": 82, "HN": 2, "HR": 43, "HU": 203, "ID": 22, "IE": 162, "IL": 33, "IM": 6, "IN": 33, "IS": 9, "IT": 868, "JE": 5, "JM": 1, "JO": 2, "JP": 581, "KH": 1, "KR": 156, "KW": 2, "KY": 1, "KZ": 6, "LB": 5, "LI": 1, "LK": 1, "LT": 55, "LU": 41, "LV": 20, "MA": 7, "MC": 33, "MD": 4, "ME": 1, "MK": 5, "MO": 10, "MT": 14, "MU": 1, "MV": 4, "MX": 213, "MY": 52, "NC": 5, "NL": 1324, "NO": 299, "NZ": 441, "PA": 5, "PE": 30, "PH": 16, "PK": 1, "PL": 360, "PR": 11, "PT": 436, "PY": 2, "QA": 9, "RE": 8, "RO": 69, "RS": 11, "RU": 250, "SA": 13, "SC": 1, "SE": 351, "SG": 53, "SI": 35, "SK": 63, "SM": 3, "SV": 3, "SZ": 3, "TH": 32, "TN": 2, "TR": 326, "TT": 3, "TW": 15, "UA": 62, "US": 11038, "UY": 51, "VG": 1, "VI": 12, "VN": 5, "ZA": 127, "ZW": 1}, "dist": {"IRating": {"xAxis": [0, 50, 100, 150, 200, 250, 300, 350, 400, 450, 500, 550, 600, 650, 700, 750, 800, 850, 900, 950, 1000, 1050, 1100, 1150, 1200, 1250, 1300, 1350, 1400, 1450, 1500, 1550, 1600, 1650, 1700, 1750, 1800, 1850, 1900, 1950, 2000, 2050, 2100, 2150, 2200, 2250, 2300, 2350, 2400, 2450, 2500, 2550, 2600, 2650, 2700, 2750, 2800, 2850, 2900, 2950, 3000, 3050, 3100, 3150, 3200, 3250, 3300, 3350, 3400, 3450, 3500, 3550, 3600, 3650, 3700, 3750, 3800, 3850, 3900, 3950, 4000, 4050, 4100, 4150, 4200, 4250, 4300, 4350, 4400, 4450, 4500, 4550, 4600, 4650, 4700, 4750, 4800, 4850, 4900, 4950, 5000, 5050, 5100, 5150, 5200, 5250, 5300, 5350, 5400, 5450, 5500, 5550, 5600, 5650, 5700, 5750, 5800, 5850, 5900, 5950, 6000, 6050, 6100, 6150, 6200, 6250, 6300, 6350, 6400, 6450, 6500, 6550, 6600, 6650, 6700, 6750, 6800, 6850, 6900, 6950, 7000, 7050, 7100, 7150, 7200, 7250, 7300, 7350, 7400, 7450, 7500, 7550, 7600, 7650, 7700, 7750, 7800, 7850, 7900, 7950, 8000, 8050, 8100, 8150, 8200, 8250, 8300, 8350, 8400, 8450, 8500, 8550, 8600, 8650, 8700, 8750, 8800, 8850, 8900, 8950, 9000, 9050, 9100, 9150, 9200, 9250, 9300, 9350, 9400, 9450, 9500, 9550, 9600, 9650, 9700, 9750, 9800, 9850, 9900, 9950, 10000, 10050, 10100, 10150, 10200, 10250, 10300, 10350, 10400, 10450, 10500, 10550, 10600, 10650, 10700, 10750, 10800, 10850, 10900, 10950, 11000], "D": [25, 66, 154, 236, 378, 513, 650, 712, 925, 1102, 1251, 1356, 1606, 1754, 2013, 2155, 2526, 2639, 3248, 3518, 4241, 4642, 5825, 6883, 8422, 8734, 8931, 7590, 6746, 5127, 4111, 2972, 2347, 1620, 1200, 821, 669, 499, 361, 286, 216, 177, 166, 117, 87, 86, 69, 54, 55, 42, 38, 27, 34, 22, 28, 21, 12, 17, 6, 16, 9, 12, 12, 7, 10, 11, 8, 8, 6, 7, 4, 4, 4, 2, 2, 5, 1, 4, 4, 2, 1, 1, 3, 5, 0, 1, 1, 1, 3, 2, 1, 1, 0, 0, 1, 1, 2, 0, 2, 1, 0, 0, 2, 0, 0, 1, 0, 1, 0, 1, 0, 1, 0, 1, 0, 0, 0, 0, 0, 0, 0, 1, 0, 0, 0, 0, 0, 0, 0, 0, 0, 0, 0, 0, 0, 0, 0, 0, 0, 0, 0, 0, 0, 0, 0, 0, 0, 0, 0, 0, 0, 0, 0, 0, 0, 0, 0, 0, 0, 0, 0, 0, 0, 0, 0, 0, 0, 0, 0, 0, 0, 0, 0, 0, 0, 0, 0, 0, 0, 0, 0, 0, 0, 0, 0, 0, 0, 0, 0, 0, 0, 0, 0, 0, 0, 0, 0, 0, 0, 0, 0, 0, 0, 0, 0, 0, 0, 0, 0, 0, 0, 0, 0, 0, 0, 0, 0, 0, 0, 0, 0], "C": [0, 12, 27, 38, 88, 141, 182, 267, 362, 426, 595, 708, 777, 944, 1140, 1298, 1450, 1474, 1810, 1994, 2242, 2403, 2779, 2984, 3429, 3509, 3555, 3172, 2979, 2570, 2382, 2028, 1674, 1391, 1197, 949, 881, 613, 596, 454, 447, 319, 327, 286, 250, 218, 179, 165, 137, 115, 93, 94, 88, 73, 74, 71, 59, 39, 56, 37, 37, 47, 38, 36, 26, 25, 28, 39, 21, 28, 28, 18, 17, 24, 26, 18, 16, 15, 11, 13, 16, 8, 10, 4, 12, 7, 10, 12, 5, 8, 7, 2, 7, 10, 7, 3, 1, 4, 6, 3, 4, 3, 5, 4, 5, 2, 0, 2, 4, 4, 1, 0, 2, 4, 0, 1, 3, 5, 0, 1, 2, 1, 1, 0, 0, 0, 1, 1, 2, 1, 1, 0, 1, 0, 0, 0, 0, 0, 0, 1, 0, 0, 0, 0, 1, 0, 1, 0, 0, 0, 0, 0, 0, 0, 0, 0, 0, 0, 0, 0, 1, 0, 0, 0, 0, 0, 0, 0, 0, 0, 0, 0, 0, 0, 0, 0, 0, 0, 0, 0, 0, 0, 0, 0, 0, 0, 0, 0, 0, 0, 0, 0, 0, 0, 0, 0, 0, 0, 0, 0, 0, 0, 0, 0, 0, 0, 0, 0, 0, 0, 0, 0, 0, 0, 0, 0, 0, 0, 0, 0, 0], "B": [2, 4, 8, 13, 19, 33, 54, 94, 125, 144, 212, 269, 367, 439, 504, 601, 730, 781, 912, 1016, 1215, 1299, 1516, 1716, 1945, 2027, 2152, 2032, 2130, 1806, 1941, 1676, 1687, 1376, 1279, 1135, 1048, 872, 892, 719, 637, 618, 573, 497, 491, 363, 388, 348, 311, 276, 252, 223, 228, 189, 200, 164, 150, 169, 131, 132, 111, 115, 120, 109, 97, 81, 82, 86, 77, 74, 80, 64, 77, 58, 55, 50, 49, 50, 51, 44, 37, 42, 46, 39, 34, 29, 30, 30, 29, 36, 31, 21, 24, 23, 21, 16, 10, 11, 12, 8, 17, 12, 16, 12, 14, 16, 13, 14, 10, 11, 11, 9, 9, 4, 4, 5, 7, 11, 7, 7, 11, 5, 2, 7, 6, 5, 4, 5, 5, 2, 6, 2, 5, 6, 3, 4, 5, 2, 2, 5, 1, 3, 2, 2, 3, 1, 2, 1, 0, 2, 0, 2, 1, 1, 1, 0, 1, 0, 0, 1, 0, 3, 0, 0, 0, 0, 0, 0, 0, 0, 0, 0, 0, 0, 0, 1, 0, 0, 0, 0, 1, 1, 1, 0, 0, 0, 0, 0, 0, 0, 0, 0, 0, 0, 0, 1, 0, 0, 0, 0, 0, 0, 0, 0, 0, 0, 0, 0, 0, 0, 0, 0, 0, 0, 0, 0, 0, 0, 0, 0, 0], "A": [1, 1, 3, 3, 7, 11, 25, 26, 46, 63, 69, 111, 172, 155, 216, 280, 342, 409, 458, 560, 704, 745, 909, 975, 1222, 1211, 1425, 1509, 1511, 1541, 1655, 1499, 1639, 1538, 1504, 1419, 1394, 1237, 1265, 1205, 1229, 1142, 1107, 958, 938, 860, 890, 712, 723, 655, 635, 573, 544, 519, 496, 427, 440, 413, 390, 344, 357, 376, 331, 319, 290, 291, 291, 276, 255, 232, 221, 190, 200, 181, 165, 181, 175, 143, 138, 125, 177, 128, 160, 125, 104, 130, 114, 111, 105, 93, 87, 108, 90, 85, 76, 78, 64, 70, 66, 53, 88, 83, 80, 86, 68, 58, 44, 58, 61, 51, 65, 39, 28, 37, 43, 40, 33, 33, 19, 34, 47, 38, 43, 41, 21, 30, 28, 22, 18, 21, 27, 23, 22, 18, 27, 20, 20, 10, 20, 17, 20, 25, 28, 17, 21, 15, 16, 13, 9, 11, 14, 7, 10, 15, 12, 7, 6, 7, 4, 6, 16, 13, 8, 7, 7, 5, 10, 3, 4, 4, 5, 8, 4, 4, 1, 3, 3, 2, 0, 0, 1, 5, 1, 2, 1, 2, 3, 6, 0, 3, 3, 1, 0, 2, 2, 0, 0, 1, 0, 0, 2, 0, 0, 0, 0, 0, 0, 0, 0, 0, 0, 0, 0, 0, 0, 0, 0, 0, 0, 0, 0], "P": [0, 0, 0, 0, 0, 0, 0, 0, 0, 0, 0, 0, 0, 0, 0, 0, 0, 0, 0, 0, 0, 0, 0, 0, 0, 0, 0, 0, 0, 0, 0, 0, 0, 0, 0, 0, 0, 0, 0, 0, 0, 0, 0, 0, 0, 0, 0, 0, 0, 0, 0, 0, 0, 0, 0, 0, 0, 0, 0, 0, 0, 0, 0, 0, 0, 0, 0, 0, 0, 0, 0, 0, 0, 0, 0, 0, 0, 0, 0, 0, 0, 0, 0, 0, 0, 0, 1, 0, 0, 0, 0, 0, 0, 0, 1, 0, 1, 1, 0, 0, 0, 0, 1, 0, 1, 0, 0, 0, 0, 0, 0, 0, 0, 0, 0, 0, 2, 0, 0, 0, 0, 0, 0, 1, 0, 0, 0, 1, 0, 1, 1, 0, 0, 0, 0, 0, 1, 0, 0, 0, 0, 2, 3, 0, 1, 0, 1, 1, 0, 1, 2, 1, 0, 0, 1, 0, 0, 1, 0, 1, 0, 1, 1, 1, 3, 2, 6, 1, 1, 1, 2, 0, 1, 0, 0, 0, 1, 1, 0, 0, 0, 0, 0, 1, 1, 2, 3, 1, 0, 0, 0, 0, 0, 0, 1, 0, 0, 0, 0, 0, 0, 0, 0, 0, 0, 0, 0, 0, 0, 0, 0, 0, 0, 0, 0, 0, 0, 0, 0, 0, 0, 1]},